NA,547786,Adršpach,506,"44,3",-5%,379,5,535,-5%,366,5,"7,7",445,5,64,126,229,3,19 597 Kč,24 190 Kč,12 240 074 Kč,13,1,14,"0,02766798419",260,3,"1,866666667",125,2,260,"3,43",SLABÉ,,,
RK,576077,Albrechtice nad Orlicí,1 003,"43,9",-4%,358,4,1012,-1%,315,4,"0,2",32,1,109,109,340,4,11 014 Kč,13 276 Kč,13 316 094 Kč,404,5,20,"0,01994017946",339,4,"1,466666667",68,1,265,"3,29",SLABÉ,,,
HK,569828,Babice,191,"44,8",-7%,403,5,216,-12%,409,5,"5,1",433,5,22,115,295,4,12 190 Kč,13 591 Kč,2 595 963 Kč,388,5,8,"0,04188481675",142,2,3,279,4,336,"4,29",VELMI SLABÉ,,,
JC,553701,Bačalky,161,"45,6",-8%,417,5,173,-7%,377,5,"4,9",425,5,16,99,386,5,14 901 Kč,16 161 Kč,2 601 885 Kč,147,2,3,"0,01863354037",349,4,"3,933333333",409,5,359,"4,43",VELMI SLABÉ,,,
RK,576085,Bačetín,395,"42,5",-1%,252,3,382,3%,272,4,"0,0",1,1,46,116,288,4,12 319 Kč,14 877 Kč,5 876 500 Kč,269,3,16,"0,04050632911",154,2,"2,666666667",234,3,210,"2,86",PRŮMĚRNÉ,,,
HK,569836,Barchov,310,"39,9",5%,64,1,277,12%,197,3,"3,2",360,5,36,116,291,4,11 840 Kč,13 837 Kč,4 289 322 Kč,371,5,17,"0,05483870968",89,1,"2,933333333",270,4,235,"3,29",PRŮMĚRNÉ,,,
RK,576093,Bartošovice v Orlických horách,199,"40,5",4%,99,2,219,-9%,398,5,"1,4",133,2,35,176,37,1,23 731 Kč,30 737 Kč,6 116 661 Kč,8,1,8,"0,04020100503",158,2,"2,266666667",191,3,146,"2,29",VELMI SILNÉ,,,
JC,572667,Bašnice,208,"43,3",-3%,317,4,209,0%,310,4,"0,7",58,1,25,120,271,4,14 825 Kč,16 794 Kč,3 493 251 Kč,107,2,4,"0,01923076923",343,4,"3,866666667",402,5,258,"3,43",SLABÉ,,,
TU,579041,Batňovice,764,"42,4",-1%,246,3,675,13%,185,3,"2,0",224,3,116,152,93,2,11 834 Kč,13 972 Kč,10 674 470 Kč,353,4,45,"0,05890052356",80,1,"1,666666667",94,1,182,"2,43",SILNÉ,,,
JC,572675,Běchary,281,"39,5",6%,41,1,224,25%,91,2,"2,6",313,4,22,78,431,5,16 319 Kč,19 539 Kč,5 490 330 Kč,33,1,1,"0,003558718861",437,5,"2,333333333",203,3,221,"3,00",PRŮMĚRNÉ,,,
HK,569852,Běleč nad Orlicí,349,"40,5",4%,104,2,183,91%,8,1,"2,6",304,4,54,155,85,1,13 000 Kč,16 777 Kč,5 855 011 Kč,108,2,56,"0,1604584527",5,1,"2,966666667",276,3,127,"2,00",VELMI SILNÉ,,,
HK,569861,Benátky,123,"39,1",7%,23,1,92,34%,56,1,"2,5",292,4,19,154,86,1,15 108 Kč,16 804 Kč,2 066 906 Kč,105,2,3,"0,0243902439",300,4,"4,533333333",441,5,186,"2,57",SILNÉ,,,
TU,579050,Bernartice,933,"41,2",2%,152,2,888,5%,254,3,"1,6",164,2,101,108,345,4,14 399 Kč,16 841 Kč,15 712 711 Kč,102,2,24,"0,02572347267",281,4,"1,733333333",105,2,200,"2,71",SILNÉ,,,
NA,573884,Bezděkov nad Metují,577,"40,1",5%,75,1,482,20%,134,2,"2,7",318,4,63,109,335,4,11 336 Kč,13 160 Kč,7 593 172 Kč,412,5,25,"0,04332755633",138,2,"1,766666667",113,2,218,"2,86",PRŮMĚRNÉ,,,
TU,579068,Bílá Třemešná,1 347,"43,0",-2%,292,4,1217,11%,210,3,"2,1",242,3,155,115,299,4,11 931 Kč,14 763 Kč,19 886 198 Kč,286,4,21,"0,01559020045",375,5,"1,2",27,1,247,"3,43",SLABÉ,,,
TU,579076,Bílé Poličany,165,"45,2",-7%,413,5,162,2%,289,4,"4,1",406,5,19,115,298,4,13 657 Kč,15 596 Kč,2 573 292 Kč,192,3,1,"0,006060606061",427,5,"3,2",314,4,334,"4,29",VELMI SLABÉ,,,
JC,548901,Bílsko u Hořic,114,"47,1",-12%,438,5,95,20%,132,2,"1,4",140,2,20,175,40,1,12 405 Kč,14 814 Kč,1 688 797 Kč,279,4,5,"0,04385964912",134,2,"3,8",394,5,222,"3,00",PRŮMĚRNÉ,,,
RK,576107,Bílý Újezd,686,"40,5",4%,101,2,602,14%,176,2,"0,7",57,1,70,102,377,5,12 781 Kč,14 848 Kč,10 185 569 Kč,274,4,33,"0,04810495627",115,2,"2,066666667",157,2,180,"2,57",SILNÉ,,,
HK,569879,Blešno,434,"39,2",7%,26,1,279,56%,18,1,"1,5",158,2,81,187,23,1,10 985 Kč,12 166 Kč,5 279 846 Kč,443,5,51,"0,1175115207",8,1,"2,566666667",222,3,128,"2,00",VELMI SILNÉ,,,
JC,572705,Boháňka,244,"42,1",0%,219,3,221,10%,215,3,"4,1",407,5,40,164,52,1,14 049 Kč,15 368 Kč,3 749 713 Kč,219,3,8,"0,03278688525",209,3,"3,333333333",340,4,237,"3,14",SLABÉ,,,
HK,569887,Boharyně,573,"43,3",-3%,312,4,507,13%,186,3,"2,0",220,3,66,115,295,4,13 476 Kč,15 205 Kč,8 712 268 Kč,230,3,31,"0,05410122164",94,2,"1,966666667",144,2,212,"3,00",PRŮMĚRNÉ,,,
RK,576115,Bohdašín,214,"47,4",-13%,441,5,208,3%,277,4,"2,4",278,4,22,103,369,5,10 938 Kč,13 970 Kč,2 989 482 Kč,354,4,6,"0,02803738318",255,3,"4,266666667",432,5,344,"4,29",VELMI SLABÉ,,,
NA,573892,Bohuslavice,1 016,"41,9",0%,210,3,888,14%,173,2,"2,3",274,4,117,115,297,4,12 718 Kč,14 911 Kč,15 150 066 Kč,266,3,36,"0,03543307087",189,3,"1,566666667",81,1,213,"2,86",PRŮMĚRNÉ,,,
RK,576123,Bolehošť,558,"42,3",-1%,238,3,565,-1%,321,4,"1,7",176,2,77,138,165,2,12 610 Kč,14 861 Kč,8 292 485 Kč,272,4,22,"0,0394265233",162,2,"2,133333333",175,2,216,"2,71",PRŮMĚRNÉ,,,
JC,548979,Borek,101,"38,6",8%,17,1,97,4%,267,3,"4,3",415,5,14,139,159,2,14 653 Kč,18 269 Kč,1 845 212 Kč,51,1,2,"0,0198019802",340,4,"4,333333333",433,5,240,"3,00",SLABÉ,,,
RK,576131,Borohrádek,2 079,"44,2",-5%,372,5,2193,-5%,361,5,"1,3",119,2,202,97,393,5,13 278 Kč,16 303 Kč,33 894 094 Kč,136,2,34,"0,01635401635",371,5,"1,266666667",41,1,256,"3,57",SLABÉ,,,
NA,573906,Borová,205,"46,1",-10%,426,5,226,-9%,401,5,"3,5",384,5,40,195,19,1,11 858 Kč,13 040 Kč,2 673 247 Kč,420,5,8,"0,03902439024",165,2,"3,266666667",326,4,306,"3,86",VELMI SLABÉ,,,
RK,576140,Borovnice (RK),396,"41,1",2%,145,2,415,-5%,354,4,"0,8",59,1,44,111,327,4,12 345 Kč,14 028 Kč,5 555 115 Kč,349,4,24,"0,06060606061",73,1,"3,2",314,4,232,"2,86",PRŮMĚRNÉ,,,
TU,579092,Borovnice (TU),370,"44,3",-5%,380,5,439,-16%,426,5,"3,8",393,5,48,130,214,3,13 300 Kč,14 711 Kč,5 442 990 Kč,294,4,1,"0,002702702703",441,5,"2,066666667",157,2,329,"4,14",VELMI SLABÉ,,,
TU,548821,Borovnička,188,"44,4",-6%,385,5,224,-16%,429,5,"7,8",446,5,27,144,131,2,11 873 Kč,15 208 Kč,2 859 113 Kč,229,3,4,"0,02127659574",325,4,"3,733333333",390,5,334,"4,14",VELMI SLABÉ,,,
NA,573914,Božanov,362,"39,8",5%,61,1,309,17%,154,2,"7,8",446,5,33,91,411,5,16 272 Kč,19 519 Kč,7 065 733 Kč,34,1,15,"0,04143646409",147,2,2,147,2,200,"2,57",SILNÉ,,,
JC,549100,Brada-Rybníček,148,"41,4",2%,167,2,56,164%,3,1,"1,7",183,3,37,250,7,1,13 158 Kč,13 204 Kč,1 954 238 Kč,408,5,15,"0,1013513514",13,1,"3,8",394,5,168,"2,57",VELMI SILNÉ,,,
NA,573922,Broumov,7 444,"42,9",-2%,285,4,8076,-8%,388,5,"7,3",443,5,708,95,398,5,14 303 Kč,16 699 Kč,124 307 472 Kč,113,2,79,"0,01061257389",408,5,"1,2",27,1,295,"3,86",VELMI SLABÉ,,,
NA,573931,Brzice,240,"44,8",-6%,399,5,207,16%,165,2,"1,5",156,2,38,158,68,1,16 511 Kč,18 878 Kč,4 530 795 Kč,41,1,9,"0,0375",175,2,"3,266666667",326,4,190,"2,43",SILNÉ,,,
JC,549070,Březina,117,"39,7",6%,54,1,52,125%,5,1,"0,0",1,1,28,239,9,1,10 788 Kč,13 009 Kč,1 521 999 Kč,421,5,10,"0,08547008547",27,1,"4,6",442,5,137,"2,14",VELMI SILNÉ,,,
JC,548855,Bříšťany,252,"44,0",-5%,364,5,241,5%,261,3,"2,6",307,4,31,123,254,3,11 850 Kč,13 911 Kč,3 505 541 Kč,365,5,7,"0,02777777778",258,3,"3,2",314,4,303,"3,86",VELMI SLABÉ,,,
JC,548952,Budčeves,159,"46,5",-11%,429,5,211,-25%,443,5,"1,1",101,2,11,69,437,5,16 670 Kč,18 235 Kč,2 899 308 Kč,55,1,1,"0,006289308176",425,5,"3,533333333",368,5,323,"4,00",VELMI SLABÉ,,,
NA,547751,Bukovice,350,"43,6",-4%,336,4,433,-19%,437,5,"0,9",69,1,51,146,122,2,12 079 Kč,15 009 Kč,5 253 057 Kč,254,3,7,"0,02",338,4,"2,333333333",203,3,251,"3,14",SLABÉ,,,
JC,573353,Bukvice,160,"41,2",2%,149,2,136,18%,147,2,"1,9",210,3,20,125,239,3,14 206 Kč,16 810 Kč,2 689 613 Kč,104,2,6,"0,0375",175,2,"4,4",437,5,209,"2,71",PRŮMĚRNÉ,,,
JC,549282,Butoves,281,"38,1",10%,8,1,73,285%,1,1,"2,6",300,4,36,128,221,3,10 443 Kč,12 503 Kč,3 513 392 Kč,437,5,22,"0,07829181495",42,1,"3,033333333",284,4,185,"2,71",SILNÉ,,,
RK,576166,Bystré,265,"43,3",-3%,313,4,231,15%,172,2,"1,9",208,3,35,132,194,3,11 396 Kč,12 825 Kč,3 398 616 Kč,427,5,12,"0,04528301887",127,2,"2,2",184,3,232,"3,14",PRŮMĚRNÉ,,,
JC,572772,Bystřice,340,"40,9",3%,132,2,318,7%,238,3,"1,3",125,2,43,126,230,3,13 824 Kč,17 257 Kč,5 867 314 Kč,79,1,13,"0,03823529412",169,2,"2,333333333",203,3,168,"2,29",VELMI SILNÉ,,,
RK,576174,Byzhradec,220,"41,9",0%,208,3,241,-9%,395,5,"0,0",1,1,29,132,199,3,10 370 Kč,13 711 Kč,3 016 337 Kč,379,5,7,"0,03181818182",219,3,"3,266666667",326,4,247,"3,43",SLABÉ,,,
JC,572781,Cerekvice nad Bystřicí,790,"40,3",4%,86,1,540,46%,30,1,"2,7",319,4,69,87,420,5,13 588 Kč,17 155 Kč,13 552 555 Kč,82,1,19,"0,02405063291",304,4,"1,166666667",22,1,180,"2,43",SILNÉ,,,
RK,576182,Častolovice,1 685,"41,6",1%,181,3,1438,17%,153,2,"0,5",43,1,182,108,348,4,11 244 Kč,15 870 Kč,26 741 408 Kč,169,2,51,"0,03026706231",238,3,"1,133333333",21,1,165,"2,29",VELMI SILNÉ,,,
TU,579106,Čermná,403,"41,7",1%,186,3,357,13%,187,3,"1,1",105,2,119,295,5,1,11 413 Kč,13 781 Kč,5 553 683 Kč,374,5,12,"0,02977667494",242,3,"2,6",223,3,189,"2,86",SILNÉ,,,
RK,576191,Čermná nad Orlicí,1 016,"43,6",-4%,339,4,955,6%,242,3,"1,1",100,2,119,117,286,4,11 626 Kč,13 886 Kč,14 107 934 Kč,367,5,17,"0,01673228346",365,5,"1,7",102,2,257,"3,57",SLABÉ,,,
NA,573957,Černčice,488,"41,7",1%,188,3,445,10%,220,3,"1,2",111,2,55,113,319,4,11 710 Kč,14 735 Kč,7 190 455 Kč,291,4,14,"0,02868852459",251,3,"2,2",184,3,223,"3,14",PRŮMĚRNÉ,,,
RK,576204,Černíkovice,783,"41,5",1%,171,2,749,5%,262,3,"0,4",40,1,98,125,238,3,12 922 Kč,15 232 Kč,11 926 286 Kč,226,3,41,"0,05236270754",101,2,"1,866666667",125,2,166,"2,29",VELMI SILNÉ,,,
HK,569917,Černilov,2 393,"40,6",4%,111,2,1902,26%,89,1,"2,2",249,3,380,159,65,1,12 494 Kč,15 217 Kč,36 414 525 Kč,227,3,79,"0,03301295445",208,3,"1,2",27,1,139,"2,00",VELMI SILNÉ,,,
HK,569925,Černožice,1 142,"44,7",-6%,395,5,1193,-4%,352,4,"2,2",246,3,150,131,205,3,12 642 Kč,15 103 Kč,17 247 646 Kč,243,3,17,"0,01488616462",383,5,"1,333333333",53,1,268,"3,43",SLABÉ,,,
TU,579114,Černý Důl,679,"43,8",-4%,350,4,778,-13%,414,5,"2,5",297,4,155,228,11,1,16 340 Kč,21 361 Kč,14 503 951 Kč,19,1,97,"0,1428571429",6,1,"1,5",75,1,167,"2,43",VELMI SILNÉ,,,
NA,505099,Červená Hora,200,"41,4",2%,166,2,186,8%,235,3,"1,6",165,2,27,135,177,2,9 661 Kč,13 632 Kč,2 726 378 Kč,384,5,5,"0,025",290,4,"2,666666667",234,3,236,"3,00",SLABÉ,,,
JC,548995,Červená Třemešná,156,"42,8",-2%,275,4,124,26%,90,2,"2,0",217,3,29,186,24,1,13 483 Kč,16 296 Kč,2 542 164 Kč,137,2,5,"0,03205128205",214,3,"3,933333333",409,5,195,"2,86",SILNÉ,,,
NA,573965,Červený Kostelec,8 352,"43,4",-3%,323,4,8598,-3%,337,4,"2,2",255,3,1044,125,239,3,10 906 Kč,14 989 Kč,125 185 230 Kč,257,3,223,"0,02670019157",269,3,"1,1",17,1,242,"3,00",SLABÉ,,,
NA,573973,Česká Čermná,528,"40,9",3%,128,2,431,23%,114,2,"1,1",106,2,63,119,274,4,10 248 Kč,13 364 Kč,7 055 949 Kč,398,5,22,"0,04166666667",144,2,"2,066666667",157,2,189,"2,71",SILNÉ,,,
NA,573981,Česká Metuje,298,"40,9",3%,127,2,343,-13%,417,5,"2,3",270,4,27,91,412,5,12 630 Kč,14 685 Kč,4 376 226 Kč,300,4,7,"0,02348993289",306,4,"2,733333333",243,3,296,"3,86",VELMI SLABÉ,,,
NA,573990,Česká Skalice,5 078,"44,4",-5%,382,5,5594,-9%,399,5,"2,4",284,4,638,126,234,3,11 512 Kč,15 388 Kč,78 142 801 Kč,212,3,129,"0,02540370224",285,4,1,1,1,257,"3,57",SLABÉ,,,
RK,576212,České Meziříčí,1 928,"39,2",7%,29,1,1522,27%,79,1,"1,8",198,3,233,121,264,3,13 358 Kč,15 532 Kč,29 944 902 Kč,197,3,95,"0,04927385892",113,2,"1,4",58,1,134,"2,00",VELMI SILNÉ,,,
RK,576221,Čestice,597,"40,3",4%,88,1,460,30%,70,1,"1,8",184,3,55,92,408,5,11 062 Kč,13 240 Kč,7 904 037 Kč,407,5,19,"0,03182579564",218,3,"1,933333333",136,2,216,"2,86",PRŮMĚRNÉ,,,
JC,572811,Češov,231,"46,7",-11%,430,5,234,-1%,322,4,"4,3",413,5,23,100,385,5,15 961 Kč,17 494 Kč,4 041 154 Kč,73,1,3,"0,01298701299",396,5,"3,4",349,4,338,"4,14",VELMI SLABÉ,,,
HK,569933,Čistěves,178,"38,1",9%,12,1,103,73%,13,1,"0,9",68,1,35,197,16,1,13 802 Kč,13 075 Kč,2 327 391 Kč,417,5,20,"0,1123595506",10,1,"3,266666667",326,4,123,"2,00",VELMI SILNÉ,,,
RK,576247,Deštné v Orlických horách,566,"44,6",-6%,389,5,587,-4%,346,4,"2,2",248,3,121,214,13,1,18 773 Kč,22 558 Kč,12 767 978 Kč,17,1,65,"0,1148409894",9,1,"1,6",86,1,158,"2,29",VELMI SILNÉ,,,
JC,572829,Dětenice,713,"42,5",-1%,253,3,799,-11%,407,5,"0,2",33,1,60,84,424,5,15 691 Kč,18 401 Kč,13 120 157 Kč,47,1,21,"0,02945301543",247,3,"1,666666667",94,2,215,"2,86",PRŮMĚRNÉ,,,
JC,549118,Dílce,58,"33,2",21%,1,1,51,14%,177,2,"0,0",1,1,8,138,166,2,14 798 Kč,15 369 Kč,891 390 Kč,217,3,1,"0,01724137931",361,5,"4,733333333",445,5,195,"2,71",SILNÉ,,,
HK,569941,Divec,236,"39,6",6%,43,1,97,143%,4,1,"1,9",215,3,42,178,34,1,12 471 Kč,14 008 Kč,3 305 796 Kč,351,4,30,"0,1271186441",7,1,"3,4",349,4,143,"2,14",VELMI SILNÉ,,,
JC,572837,Dobrá Voda u Hořic,576,"41,7",1%,191,3,523,10%,216,3,"1,6",163,2,64,111,327,4,12 445 Kč,15 570 Kč,8 968 457 Kč,195,3,13,"0,02256944444",317,4,"1,766666667",113,2,217,"3,00",PRŮMĚRNÉ,,,
RK,576263,Dobré,873,"40,6",4%,110,2,779,12%,196,3,"0,7",55,1,113,129,216,3,13 313 Kč,16 536 Kč,14 435 770 Kč,121,2,30,"0,03436426117",195,3,"1,866666667",125,2,145,"2,29",VELMI SILNÉ,,,
RK,576271,Dobruška,6 727,"43,7",-4%,346,4,6893,-2%,332,4,"1,3",126,2,756,112,322,4,15 824 Kč,17 942 Kč,120 698 537 Kč,61,1,112,"0,01664932362",367,5,"1,2",27,1,226,"3,00",PRŮMĚRNÉ,,,
RK,576280,Dobřany,132,"42,3",-1%,239,3,130,2%,290,4,"1,2",114,2,24,182,30,1,11 841 Kč,14 277 Kč,1 884 604 Kč,331,4,6,"0,04545454545",126,2,"2,6",223,3,193,"2,71",SILNÉ,,,
HK,569968,Dobřenice,574,"41,8",1%,197,3,581,-1%,320,4,"3,4",376,5,83,145,125,2,12 999 Kč,15 548 Kč,8 924 534 Kč,196,3,18,"0,03135888502",224,3,"1,566666667",81,1,217,"3,00",PRŮMĚRNÉ,,,
HK,569976,Dohalice,472,"39,6",6%,45,1,379,25%,97,2,"3,9",398,5,49,104,366,5,10 179 Kč,14 761 Kč,6 967 044 Kč,287,4,9,"0,01906779661",346,4,"2,766666667",248,3,255,"3,43",SLABÉ,,,
NA,574015,Dolany,659,"42,5",-1%,251,3,650,1%,293,4,"1,7",173,2,93,141,142,2,14 004 Kč,16 309 Kč,10 747 538 Kč,135,2,24,"0,03641881639",184,3,"2,466666667",211,3,198,"2,71",SILNÉ,,,
TU,579122,Dolní Branná,981,"42,7",-1%,272,4,852,15%,170,2,"1,7",178,2,148,151,97,2,16 265 Kč,23 270 Kč,22 827 822 Kč,15,1,40,"0,04077471967",152,2,"1,8",116,2,143,"2,14",VELMI SILNÉ,,,
TU,554863,Dolní Brusnice,388,"40,1",5%,77,1,326,19%,138,2,"1,2",107,2,51,131,203,3,10 719 Kč,13 116 Kč,5 089 075 Kč,413,5,17,"0,04381443299",135,2,"3,1",294,4,195,"2,71",SILNÉ,,,
TU,579149,Dolní Dvůr,268,"40,9",3%,133,2,244,10%,219,3,"1,1",91,2,49,183,28,1,13 311 Kč,18 349 Kč,4 917 660 Kč,49,1,11,"0,04104477612",149,2,"2,8",252,3,132,"2,00",VELMI SILNÉ,,,
TU,579157,Dolní Kalná,692,"41,4",2%,163,2,589,17%,152,2,"0,2",35,1,88,127,226,3,14 063 Kč,14 208 Kč,9 831 920 Kč,334,4,23,"0,03323699422",205,3,2,147,2,180,"2,43",SILNÉ,,,
TU,579165,Dolní Lánov,780,"40,3",4%,91,2,634,23%,110,2,"1,4",137,2,102,131,208,3,12 455 Kč,14 537 Kč,11 339 000 Kč,314,4,36,"0,04615384615",124,2,"2,6",223,3,172,"2,57",VELMI SILNÉ,,,
JC,549088,Dolní Lochov,43,"40,5",4%,97,2,46,-7%,374,5,"3,2",363,5,6,140,155,2,11 996 Kč,20 455 Kč,879 576 Kč,25,1,1,"0,02325581395",310,4,"4,066666667",420,5,249,"3,43",SLABÉ,,,
TU,579173,Dolní Olešnice,373,"41,6",1%,182,3,304,23%,112,2,"2,5",292,4,43,115,294,4,14 378 Kč,16 581 Kč,6 184 593 Kč,119,2,5,"0,01340482574",393,5,"2,4",207,3,228,"3,29",PRŮMĚRNÉ,,,
HK,569984,Dolní Přím,688,"42,3",-1%,237,3,503,37%,47,1,"1,4",135,2,104,151,95,2,12 642 Kč,14 537 Kč,10 001 800 Kč,313,4,59,"0,08575581395",25,1,"1,4",58,1,130,"2,00",VELMI SILNÉ,,,
NA,574023,Dolní Radechová,768,"43,6",-4%,337,4,659,17%,160,2,"2,6",302,4,135,176,38,1,10 610 Kč,12 767 Kč,9 804 939 Kč,428,5,28,"0,03645833333",183,3,"1,6",86,1,219,"2,86",PRŮMĚRNÉ,,,
TU,579181,Doubravice,379,"45,0",-7%,409,5,383,-1%,319,4,"1,7",179,2,51,135,179,2,11 878 Kč,13 455 Kč,5 099 462 Kč,395,5,4,"0,01055408971",409,5,"3,6",378,4,324,"3,86",VELMI SLABÉ,,,
RK,576301,Doudleby nad Orlicí,1 791,"43,9",-4%,359,4,1887,-5%,360,5,"1,4",132,2,166,93,404,5,12 218 Kč,15 239 Kč,27 293 337 Kč,225,3,32,"0,01786711334",353,4,"1,5",75,1,273,"3,43",VELMI SLABÉ,,,
JC,573337,Dřevěnice,247,"43,8",-4%,354,4,218,13%,181,3,"0,0",1,1,33,134,186,3,14 110 Kč,15 475 Kč,3 822 414 Kč,201,3,19,"0,07692307692",46,1,"3,4",349,4,188,"2,71",SILNÉ,,,
TU,579190,Dubenec,650,"42,6",-1%,267,3,593,10%,221,3,"2,4",287,4,70,108,350,4,14 609 Kč,18 915 Kč,12 294 461 Kč,40,1,4,"0,006153846154",426,5,"1,233333333",38,1,233,"3,00",PRŮMĚRNÉ,,,
TU,579203,Dvůr Králové nad Labem,15 594,"44,6",-6%,390,5,16976,-8%,392,5,"2,8",328,4,1932,124,248,3,13 345 Kč,15 487 Kč,241 505 239 Kč,199,3,237,"0,01519815314",381,5,1,1,1,277,"3,71",VELMI SLABÉ,,,
HK,569992,Habřina,298,"42,0",0%,216,3,219,36%,49,1,"4,1",404,5,42,141,145,2,12 350 Kč,15 195 Kč,4 527 979 Kč,231,3,12,"0,04026845638",157,2,"3,233333333",324,4,218,"2,86",PRŮMĚRNÉ,,,
TU,579211,Hajnice,1 033,"40,4",4%,92,2,816,27%,82,1,"1,8",200,3,123,119,276,4,13 203 Kč,16 229 Kč,16 764 457 Kč,143,2,35,"0,03388189739",200,3,"2,066666667",157,2,164,"2,43",VELMI SILNÉ,,,
TU,579220,Havlovice,991,"41,3",2%,160,2,790,25%,92,2,"2,4",282,4,120,121,262,3,10 675 Kč,13 846 Kč,13 721 681 Kč,369,5,41,"0,04137235116",148,2,"2,666666667",234,3,221,"3,00",PRŮMĚRNÉ,,,
NA,574031,Hejtmánkovice,607,"44,6",-6%,393,5,564,8%,234,3,"3,4",380,5,75,124,250,3,14 692 Kč,15 045 Kč,9 132 253 Kč,249,3,13,"0,02141680395",324,4,"3,4",349,4,311,"3,86",VELMI SLABÉ,,,
NA,574040,Heřmanice,438,"40,7",3%,113,2,395,11%,206,3,"3,4",379,5,53,121,263,3,12 666 Kč,15 145 Kč,6 633 554 Kč,239,3,6,"0,01369863014",389,5,"2,266666667",191,3,254,"3,43",SLABÉ,,,
NA,574058,Heřmánkovice,495,"42,2",0%,227,3,467,6%,246,3,"4,4",418,5,53,107,354,4,14 402 Kč,15 917 Kč,7 878 969 Kč,165,2,5,"0,0101010101",411,5,"2,8",252,3,296,"3,57",VELMI SLABÉ,,,
HK,570001,Hlušice,740,"42,2",0%,230,3,705,5%,256,3,"2,3",276,4,88,119,278,4,14 210 Kč,18 102 Kč,13 395 444 Kč,58,1,17,"0,02297297297",314,4,"1,4",58,1,210,"2,86",PRŮMĚRNÉ,,,
HK,570010,Hněvčeves,163,"42,5",-1%,256,3,174,-6%,371,5,"0,9",73,1,23,141,143,2,15 963 Kč,14 874 Kč,2 424 414 Kč,271,4,3,"0,01840490798",350,4,"2,533333333",217,3,240,"3,14",SLABÉ,,,
JC,572900,Holín,607,"42,4",-1%,248,3,509,19%,136,2,"0,3",36,1,108,178,35,1,12 304 Kč,13 621 Kč,8 267 680 Kč,385,5,45,"0,07413509061",51,1,"3,133333333",297,4,170,"2,43",VELMI SILNÉ,,,
HK,570028,Holohlavy,940,"41,3",2%,156,2,723,30%,68,1,"1,9",207,3,107,114,311,4,11 688 Kč,14 132 Kč,13 284 287 Kč,340,4,81,"0,08617021277",24,1,"2,066666667",157,2,180,"2,43",SILNÉ,,,
JC,572918,Holovousy,524,"43,0",-2%,290,4,495,6%,248,3,"2,9",337,4,92,176,39,1,12 599 Kč,15 677 Kč,8 214 585 Kč,185,3,26,"0,04961832061",111,2,"1,7",102,2,187,"2,71",SILNÉ,,,
TU,579238,Horní Brusnice,429,"44,0",-5%,363,5,492,-13%,415,5,"3,1",351,4,48,112,324,4,12 892 Kč,16 173 Kč,6 938 222 Kč,146,2,15,"0,03496503497",192,3,"2,466666667",211,3,286,"3,71",VELMI SLABÉ,,,
TU,579254,Horní Kalná,366,"40,4",4%,94,2,331,11%,213,3,"2,1",243,3,44,120,269,3,11 928 Kč,14 370 Kč,5 259 247 Kč,323,4,9,"0,02459016393",299,4,"3,333333333",340,4,254,"3,29",SLABÉ,,,
TU,579262,Horní Maršov,973,"43,0",-2%,294,4,1028,-5%,364,5,"1,8",195,3,166,171,45,1,15 311 Kč,18 236 Kč,17 743 330 Kč,54,1,59,"0,06063720452",72,1,"1,6",86,1,159,"2,29",VELMI SILNÉ,,,
TU,579271,Horní Olešnice,313,"42,8",-2%,279,4,280,12%,198,3,"0,9",77,1,35,112,326,4,13 626 Kč,15 870 Kč,4 967 342 Kč,170,2,5,"0,01597444089",373,5,"3,133333333",297,4,246,"3,29",SLABÉ,,,
NA,574066,Horní Radechová,504,"40,3",4%,89,1,434,16%,164,2,"1,2",109,2,75,149,106,2,10 255 Kč,12 442 Kč,6 270 899 Kč,438,5,14,"0,02777777778",258,3,"2,666666667",234,3,200,"2,57",SILNÉ,,,
NA,547531,Hořenice,141,"43,7",-4%,342,4,183,-23%,441,5,"0,0",1,1,22,156,78,1,13 275 Kč,99 657 Kč,14 051 596 Kč,1,1,4,"0,02836879433",254,3,"3,966666667",415,5,219,"2,86",PRŮMĚRNÉ,,,
JC,572926,Hořice,8 621,"44,1",-5%,366,5,9282,-7%,380,5,"2,0",219,3,1224,142,139,2,12 163 Kč,15 693 Kč,135 291 747 Kč,182,3,219,"0,02540308549",286,4,"1,2",27,1,228,"3,29",PRŮMĚRNÉ,,,
NA,574074,Hořičky,566,"41,7",1%,189,3,459,23%,105,2,"2,2",260,3,75,133,192,3,13 048 Kč,16 068 Kč,9 094 257 Kč,151,2,28,"0,04946996466",112,2,"1,666666667",94,2,158,"2,43",VELMI SILNÉ,,,
HK,570044,Hořiněves,693,"43,3",-3%,315,4,732,-5%,363,5,"2,9",340,4,81,117,287,4,14 633 Kč,16 560 Kč,11 475 815 Kč,120,2,18,"0,02597402597",279,4,"1,6",86,1,256,"3,43",SLABÉ,,,
TU,579297,Hostinné,4 361,"43,5",-3%,327,4,5181,-16%,428,5,"1,9",209,3,393,90,414,5,12 858 Kč,15 167 Kč,66 143 856 Kč,238,3,58,"0,0132997019",394,5,1,1,1,287,"3,71",VELMI SLABÉ,,,
HK,569810,Hradec Králové,92 742,"44,3",-5%,377,5,99917,-7%,381,5,"2,3",264,3,14826,160,60,1,15 576 Kč,19 280 Kč,1 788 094 211 Kč,35,1,3738,"0,04030536327",156,2,1,1,1,182,"2,57",SILNÉ,,,
HK,570052,Hrádek,186,"45,6",-8%,416,5,172,8%,231,3,"2,9",337,4,29,156,79,1,12 980 Kč,14 104 Kč,2 623 324 Kč,344,4,1,"0,005376344086",430,5,"2,8",252,3,298,"3,57",VELMI SLABÉ,,,
NA,574082,Hronov,6 125,"44,4",-5%,383,5,6653,-8%,389,5,"2,6",299,4,763,125,242,3,12 560 Kč,14 758 Kč,90 391 607 Kč,288,4,208,"0,03395918367",199,3,"1,1",17,1,260,"3,57",SLABÉ,,,
RK,548642,Hřibiny-Ledská,356,"40,2",5%,78,1,286,24%,98,2,"1,4",139,2,42,118,283,4,11 092 Kč,14 002 Kč,4 984 674 Kč,352,4,28,"0,07865168539",40,1,"3,366666667",346,4,191,"2,57",SILNÉ,,,
TU,579301,Hřibojedy,221,"41,8",1%,196,3,213,4%,269,3,"3,0",344,4,21,95,399,5,15 076 Kč,16 045 Kč,3 545 998 Kč,155,2,7,"0,03167420814",221,3,"3,533333333",368,5,279,"3,57",VELMI SLABÉ,,,
HK,570087,Humburky,406,"39,7",6%,48,1,263,54%,19,1,"2,7",315,4,54,133,189,3,10 947 Kč,12 638 Kč,5 130 874 Kč,434,5,34,"0,08374384236",30,1,"2,466666667",211,3,178,"2,57",SILNÉ,,,
HK,573621,Hvozdnice,222,"40,0",5%,69,1,197,13%,189,3,"2,8",323,4,35,158,71,1,10 109 Kč,12 697 Kč,2 818 745 Kč,432,5,19,"0,08558558559",26,1,"3,033333333",284,4,199,"2,71",SILNÉ,,,
NA,574163,Hynčice,191,"39,3",7%,33,1,207,-8%,386,5,"5,9",438,5,11,58,444,5,10 442 Kč,13 066 Kč,2 495 683 Kč,419,5,1,"0,005235602094",432,5,"3,133333333",297,4,350,"4,29",VELMI SLABÉ,,,
RK,576310,Chleny,214,"46,9",-11%,434,5,209,2%,283,4,"2,2",250,3,30,140,151,2,15 742 Kč,17 178 Kč,3 676 139 Kč,81,1,12,"0,05607476636",84,1,2,147,2,204,"2,57",SILNÉ,,,
RK,548791,Chlístov,85,"43,8",-4%,353,4,111,-23%,442,5,"0,0",1,1,13,153,90,2,10 944 Kč,13 304 Kč,1 130 813 Kč,402,5,1,"0,01176470588",402,5,"3,333333333",340,4,290,"3,71",VELMI SLABÉ,,,
HK,570109,Chlumec nad Cidlinou,5 462,"43,1",-2%,301,4,5327,3%,281,4,"3,2",364,5,971,178,36,1,11 873 Kč,17 125 Kč,93 538 497 Kč,86,1,206,"0,03771512267",173,2,"1,366666667",55,1,185,"2,57",SILNÉ,,,
JC,549355,Cholenice,231,"42,2",0%,232,3,204,13%,183,3,"2,5",292,4,29,126,236,3,10 809 Kč,14 756 Kč,3 408 575 Kč,289,4,7,"0,0303030303",234,3,"3,2",314,4,254,"3,43",SLABÉ,,,
JC,572969,Chomutice,646,"42,5",-1%,259,3,606,7%,241,3,"2,2",259,3,66,102,376,5,16 077 Kč,19 061 Kč,12 313 392 Kč,38,1,3,"0,004643962848",433,5,"1,566666667",81,1,241,"3,00",SLABÉ,,,
JC,549037,Choteč,202,"43,4",-3%,318,4,216,-6%,373,5,"0,8",63,1,27,134,185,3,13 004 Kč,15 440 Kč,3 118 973 Kč,206,3,2,"0,009900990099",413,5,"3,8",394,5,279,"3,71",VELMI SLABÉ,,,
TU,579319,Chotěvice,1 067,"41,8",1%,192,3,975,9%,223,3,"2,0",230,3,118,111,333,4,12 200 Kč,14 504 Kč,15 475 895 Kč,318,4,11,"0,01030927835",410,5,"2,066666667",157,2,266,"3,43",SLABÉ,,,
TU,579327,Choustníkovo Hradiště,589,"44,4",-5%,384,5,588,0%,303,4,"4,7",424,5,94,160,61,1,21 410 Kč,15 514 Kč,9 137 567 Kč,198,3,13,"0,0220713073",319,4,"2,1",172,2,266,"3,43",SLABÉ,,,
HK,570125,Chudeřice,259,"37,8",10%,7,1,191,36%,51,1,"2,4",278,4,30,116,293,4,12 370 Kč,14 834 Kč,3 841 879 Kč,276,4,21,"0,08108108108",35,1,"2,1",172,2,159,"2,43",VELMI SILNÉ,,,
TU,579335,Chvaleč,674,"42,4",-1%,249,3,603,12%,199,3,"2,9",334,4,88,131,211,3,12 293 Kč,14 690 Kč,9 901 318 Kč,296,4,28,"0,04154302671",146,2,"2,2",184,3,231,"3,14",PRŮMĚRNÉ,,,
NA,574112,Chvalkovice,736,"42,6",-1%,264,3,637,16%,167,2,"3,3",372,5,106,144,128,2,13 481 Kč,16 893 Kč,12 432 979 Kč,100,2,23,"0,03125",225,3,"1,933333333",136,2,199,"2,71",SILNÉ,,,
JC,549223,Chyjice,173,"39,3",7%,32,1,143,21%,124,2,"4,9",428,5,16,92,407,5,14 538 Kč,16 484 Kč,2 851 777 Kč,125,2,3,"0,01734104046",360,5,"4,133333333",425,5,272,"3,57",SLABÉ,,,
RK,548782,Jahodov,102,"39,4",6%,37,1,68,50%,22,1,"1,5",152,2,15,147,116,2,11 914 Kč,15 605 Kč,1 591 755 Kč,191,3,8,"0,07843137255",41,1,"4,333333333",433,5,142,"2,14",VELMI SILNÉ,,,
RK,576328,Janov,116,"42,8",-2%,276,4,113,3%,280,4,"1,4",146,2,9,78,432,5,12 440 Kč,14 688 Kč,1 703 797 Kč,299,4,2,"0,01724137931",361,5,"4,333333333",433,5,318,"4,14",VELMI SLABÉ,,,
TU,579351,Janské Lázně,699,"44,3",-5%,378,5,961,-27%,445,5,"1,1",97,2,164,235,10,1,19 819 Kč,24 451 Kč,17 091 268 Kč,12,1,25,"0,03576537911",187,3,"1,833333333",124,2,179,"2,71",SILNÉ,,,
NA,574121,Jaroměř,12 433,"42,0",0%,213,3,12557,-1%,316,4,"3,8",392,5,1403,113,318,4,11 473 Kč,17 091 Kč,212 495 470 Kč,88,1,309,"0,02485321322",293,4,"1,066666667",13,1,233,"3,14",PRŮMĚRNÉ,,,
NA,574139,Jasenná,750,"39,3",7%,34,1,695,8%,233,3,"3,9",397,5,77,103,372,5,12 419 Kč,14 360 Kč,10 769 823 Kč,325,4,18,"0,024",305,4,"2,066666667",157,2,260,"3,43",SLABÉ,,,
RK,576336,Javornice,1 050,"39,9",5%,68,1,829,27%,80,1,"1,3",129,2,102,97,394,5,12 510 Kč,15 181 Kč,15 939 993 Kč,233,3,58,"0,05523809524",86,1,"1,6",86,1,154,"2,00",VELMI SILNÉ,,,
HK,570133,Jeníkovice,465,"41,8",1%,199,3,386,20%,130,2,"0,3",38,1,69,148,108,2,14 916 Kč,16 335 Kč,7 595 778 Kč,134,2,13,"0,02795698925",257,3,"1,966666667",144,2,144,"2,14",VELMI SILNÉ,,,
JC,572993,Jeřice,388,"40,8",3%,124,2,385,1%,298,4,"1,6",161,2,51,131,203,3,13 104 Kč,15 699 Kč,6 091 327 Kč,181,3,6,"0,01546391753",376,5,"1,366666667",55,1,200,"2,86",SILNÉ,,,
NA,574147,Jestřebí,157,"45,4",-8%,414,5,175,-10%,406,5,"0,9",75,1,18,115,304,4,11 064 Kč,13 961 Kč,2 191 801 Kč,356,4,7,"0,04458598726",131,2,"3,4",349,4,291,"3,57",VELMI SLABÉ,,,
NA,574155,Jetřichov,461,"41,9",0%,204,3,439,5%,255,3,"3,2",365,5,45,98,392,5,12 734 Kč,15 681 Kč,7 228 856 Kč,183,3,1,"0,002169197397",443,5,"2,3",201,3,292,"3,86",VELMI SLABÉ,,,
JC,572659,Jičín,16 577,"43,1",-2%,298,4,16803,-1%,324,4,"1,3",128,2,2273,137,171,2,14 211 Kč,17 693 Kč,293 300 901 Kč,68,1,210,"0,01266815467",399,5,1,1,1,198,"2,71",SILNÉ,,,
JC,573001,Jičíněves,593,"41,7",1%,187,3,656,-10%,402,5,"2,0",226,3,68,115,303,4,15 787 Kč,17 871 Kč,10 597 265 Kč,63,1,19,"0,03204047218",215,3,"2,066666667",157,2,222,"3,00",PRŮMĚRNÉ,,,
HK,576352,Jílovice,303,"40,0",5%,72,1,242,25%,93,2,"1,9",204,3,40,132,197,3,10 212 Kč,12 555 Kč,3 804 185 Kč,436,5,17,"0,05610561056",83,1,"2,466666667",211,3,185,"2,57",SILNÉ,,,
JC,549151,Jinolice,194,"43,2",-3%,308,4,161,20%,128,2,"0,8",59,1,21,108,346,4,14 064 Kč,16 590 Kč,3 218 536 Kč,118,2,7,"0,03608247423",185,3,"2,866666667",259,3,200,"2,71",SILNÉ,,,
TU,579378,Jívka,571,"42,5",-1%,250,3,632,-10%,403,5,"0,9",71,1,65,114,310,4,16 107 Kč,18 237 Kč,10 413 456 Kč,53,1,15,"0,02626970228",275,4,"1,866666667",125,2,212,"2,86",PRŮMĚRNÉ,,,
JC,549312,Kacákova Lhota,160,"43,7",-4%,345,4,135,19%,140,2,"3,6",385,5,19,119,280,4,13 706 Kč,16 457 Kč,2 633 182 Kč,127,2,5,"0,03125",225,3,"2,266666667",191,3,242,"3,29",SLABÉ,,,
HK,570150,Káranice,214,"40,5",4%,100,2,173,24%,103,2,"2,0",231,3,17,79,430,5,11 695 Kč,14 174 Kč,3 033 232 Kč,336,4,6,"0,02803738318",255,3,"2,266666667",191,3,235,"3,14",PRŮMĚRNÉ,,,
JC,549169,Kbelnice,217,"40,8",3%,123,2,122,78%,10,1,"1,9",215,3,30,138,163,2,10 858 Kč,12 273 Kč,2 663 175 Kč,441,5,22,"0,1013824885",12,1,"4,333333333",433,5,200,"2,71",SILNÉ,,,
HK,570168,Klamoš,384,"47,2",-12%,440,5,413,-7%,378,5,"3,4",375,5,46,120,273,4,13 550 Kč,20 804 Kč,7 988 715 Kč,22,1,15,"0,0390625",164,2,3,279,4,276,"3,71",VELMI SLABÉ,,,
TU,579386,Klášterská Lhota,233,"41,2",2%,148,2,184,27%,81,1,"0,0",1,1,19,82,426,5,11 395 Kč,13 180 Kč,3 070 986 Kč,410,5,9,"0,03862660944",167,2,"4,2",428,5,237,"3,00",SLABÉ,,,
JC,573043,Kněžnice,275,"42,9",-2%,283,4,242,14%,178,2,"0,6",44,1,37,135,180,3,14 528 Kč,15 840 Kč,4 356 075 Kč,172,2,15,"0,05454545455",93,2,"3,133333333",297,4,178,"2,57",SILNÉ,,,
HK,573710,Kobylice,264,"37,8",10%,6,1,176,50%,22,1,"0,6",47,1,46,174,41,1,13 018 Kč,13 707 Kč,3 618 617 Kč,380,5,20,"0,07575757576",47,1,"2,666666667",234,3,111,"1,86",VELMI SILNÉ,,,
TU,579394,Kocbeře,508,"41,8",1%,193,3,497,2%,285,4,"2,5",288,4,57,112,323,4,13 204 Kč,16 180 Kč,8 219 597 Kč,145,2,9,"0,01771653543",354,4,"2,6",223,3,259,"3,43",SLABÉ,,,
TU,579408,Kohoutov,270,"42,9",-2%,284,4,228,18%,141,2,"4,2",408,5,37,137,172,2,13 648 Kč,16 134 Kč,4 356 187 Kč,148,2,9,"0,03333333333",204,3,"3,533333333",368,5,246,"3,29",SLABÉ,,,
JC,573051,Konecchlumí,388,"40,1",5%,76,1,315,23%,109,2,"0,8",66,1,54,139,156,2,13 409 Kč,15 454 Kč,5 995 960 Kč,204,3,13,"0,03350515464",203,3,"2,2",184,2,143,"2,00",VELMI SILNÉ,,,
JC,573060,Kopidlno,2 080,"43,0",-2%,288,4,1972,5%,250,3,"2,3",265,3,178,86,422,5,11 722 Kč,17 030 Kč,35 422 647 Kč,91,2,15,"0,007211538462",424,5,"1,266666667",41,1,254,"3,29",SLABÉ,,,
HK,570176,Kosice,343,"43,3",-3%,311,4,306,12%,194,3,"1,2",118,2,72,210,14,1,17 365 Kč,21 148 Kč,7 253 874 Kč,21,1,24,"0,06997084548",56,1,"1,866666667",125,2,120,"2,00",VELMI SILNÉ,,,
HK,570184,Kosičky,340,"42,9",-2%,286,4,360,-6%,367,5,"4,1",402,5,51,150,102,2,13 525 Kč,16 380 Kč,5 569 077 Kč,132,2,6,"0,01764705882",357,4,"1,933333333",136,2,255,"3,43",SLABÉ,,,
JC,548928,Kostelec,37,"44,6",-6%,392,5,52,-29%,446,5,"0,0",1,1,6,162,54,1,20 533 Kč,22 590 Kč,835 821 Kč,16,1,2,"0,05405405405",95,2,"4,666666667",444,5,207,"2,86",PRŮMĚRNÉ,,,
RK,576361,Kostelec nad Orlicí,6 201,"43,5",-3%,326,4,6455,-4%,349,4,"1,3",130,2,759,122,257,3,12 378 Kč,16 864 Kč,104 571 502 Kč,101,2,140,"0,02257700371",316,4,"1,1",17,1,214,"2,86",PRŮMĚRNÉ,,,
RK,576387,Kostelecké Horky,147,"40,0",5%,71,1,149,-1%,323,4,"2,0",227,3,13,88,416,5,16 836 Kč,19 587 Kč,2 879 228 Kč,32,1,5,"0,03401360544",198,3,"3,666666667",388,5,236,"3,14",SLABÉ,,,
RK,576395,Kounov,238,"41,9",0%,209,3,270,-12%,410,5,"3,9",394,5,46,193,20,1,13 315 Kč,16 915 Kč,4 025 719 Kč,98,2,8,"0,03361344538",202,3,"2,866666667",259,3,227,"3,14",PRŮMĚRNÉ,,,
JC,548944,Kovač,137,"39,4",6%,39,1,100,37%,45,1,"1,2",107,2,19,139,158,2,15 475 Kč,17 456 Kč,2 391 491 Kč,75,1,1,"0,007299270073",423,5,"3,9",406,5,179,"2,43",SILNÉ,,,
JC,572136,Kozojedy,182,"42,8",-2%,278,4,210,-13%,418,5,"1,5",159,2,13,71,436,5,12 683 Kč,16 526 Kč,3 007 690 Kč,122,2,1,"0,005494505495",429,5,"3,9",406,5,321,"4,00",VELMI SLABÉ,,,
HK,570192,Králíky,391,"41,3",2%,153,2,401,-2%,333,4,"5,1",432,5,46,118,284,4,14 332 Kč,15 286 Kč,5 976 758 Kč,222,3,9,"0,02301790281",313,4,"3,133333333",297,4,291,"3,71",VELMI SLABÉ,,,
RK,576409,Králova Lhota,239,"39,2",7%,25,1,196,22%,117,2,"0,6",52,1,19,79,429,5,11 415 Kč,13 358 Kč,3 192 506 Kč,399,5,10,"0,04184100418",143,2,"2,766666667",248,3,202,"2,71",SILNÉ,,,
TU,530808,Královec,190,"43,7",-4%,349,4,170,12%,200,3,"1,4",145,2,27,142,137,2,14 076 Kč,17 183 Kč,3 264 848 Kč,80,1,1,"0,005263157895",431,5,"3,8",394,5,248,"3,14",SLABÉ,,,
NA,574546,Kramolna,1 072,"42,2",0%,231,3,781,37%,43,1,"1,9",213,3,162,151,96,2,10 713 Kč,13 093 Kč,14 035 687 Kč,416,5,57,"0,05317164179",98,2,"2,2",184,3,183,"2,71",SILNÉ,,,
HK,570206,Kratonohy,585,"41,7",1%,185,3,551,6%,244,3,"2,5",291,4,76,130,213,3,14 961 Kč,17 349 Kč,10 148 906 Kč,78,1,23,"0,03931623932",163,2,"1,8",116,2,184,"2,57",SILNÉ,,,
RK,548685,Krchleby,88,"41,7",1%,184,3,88,0%,305,4,"1,8",185,3,13,148,112,2,11 843 Kč,15 276 Kč,1 344 313 Kč,223,3,3,"0,03409090909",197,3,"3,6",378,5,226,"3,29",PRŮMĚRNÉ,,,
NA,574171,Křinice,431,"40,6",4%,106,2,382,13%,188,3,"2,9",336,4,54,125,237,3,13 920 Kč,15 897 Kč,6 851 735 Kč,167,2,14,"0,03248259861",211,3,"3,533333333",368,5,230,"3,14",PRŮMĚRNÉ,,,
TU,579416,Kuks,269,"42,1",0%,220,3,252,7%,239,3,"4,5",419,5,49,182,29,1,13 357 Kč,14 983 Kč,4 030 363 Kč,258,3,7,"0,02602230483",276,4,"2,733333333",243,3,241,"3,14",SLABÉ,,,
HK,570214,Kunčice,358,"39,8",5%,59,1,258,39%,42,1,"2,8",326,4,53,148,110,2,11 079 Kč,13 070 Kč,4 678 997 Kč,418,5,33,"0,09217877095",18,1,"2,533333333",217,3,170,"2,43",VELMI SILNÉ,,,
TU,579424,Kunčice nad Labem,573,"41,5",1%,174,2,545,5%,253,3,"1,3",122,2,76,133,191,3,12 504 Kč,14 535 Kč,8 328 378 Kč,315,4,10,"0,01745200698",358,4,"1,733333333",105,2,217,"2,86",PRŮMĚRNÉ,,,
RK,576425,Kvasiny,1 552,"41,6",1%,183,3,1147,35%,52,1,"0,6",48,1,120,77,433,5,15 603 Kč,23 511 Kč,36 489 227 Kč,14,1,129,"0,0831185567",31,1,"1,633333333",93,2,122,"2,00",VELMI SILNÉ,,,
JC,572047,Kyje,57,"49,3",-17%,446,5,43,33%,61,1,"0,0",1,1,13,228,12,1,10 395 Kč,13 002 Kč,741 135 Kč,422,5,4,"0,0701754386",55,1,"3,866666667",402,5,200,"2,71",SILNÉ,,,
TU,548804,Lampertice,382,"45,8",-9%,421,5,443,-14%,419,5,"2,7",315,4,41,107,352,4,12 048 Kč,14 356 Kč,5 484 080 Kč,326,4,1,"0,002617801047",442,5,"3,4",349,4,375,"4,43",VELMI SLABÉ,,,
TU,579432,Lánov,1 807,"40,2",5%,80,1,1445,25%,95,2,"1,3",123,2,246,136,174,2,11 989 Kč,15 786 Kč,28 525 960 Kč,174,2,102,"0,05644714997",82,1,"1,433333333",67,1,114,"1,57",VELMI SILNÉ,,,
TU,579441,Lanžov,190,"46,9",-12%,435,5,191,-1%,312,4,"5,5",436,5,24,126,231,3,15 278 Kč,18 400 Kč,3 496 044 Kč,48,1,5,"0,02631578947",274,4,"2,8",252,3,284,"3,57",VELMI SLABÉ,,,
JC,573094,Lázně Bělohrad,3 665,"43,8",-4%,352,4,3823,-4%,350,4,"2,3",275,4,484,132,195,3,13 952 Kč,17 619 Kč,64 572 717 Kč,70,1,117,"0,03192360164",216,3,1,1,1,208,"2,86",PRŮMĚRNÉ,,,
HK,576433,Ledce,356,"42,5",-1%,255,3,299,19%,137,2,"0,4",39,1,47,132,196,3,12 063 Kč,15 169 Kč,5 400 012 Kč,237,3,16,"0,04494382022",128,2,"2,766666667",248,3,177,"2,43",SILNÉ,,,
HK,570222,Lejšovka,219,"41,6",1%,180,3,157,39%,41,1,"0,7",56,1,15,68,439,5,10 817 Kč,13 685 Kč,2 997 099 Kč,381,5,12,"0,05479452055",90,2,"2,966666667",276,3,209,"2,86",PRŮMĚRNÉ,,,
NA,574180,Lhota pod Hořičkami,302,"39,9",5%,65,1,222,36%,50,1,"4,6",422,5,38,126,232,3,10 845 Kč,13 899 Kč,4 197 590 Kč,366,5,10,"0,03311258278",206,3,"3,1",294,4,234,"3,14",PRŮMĚRNÉ,,,
HK,570231,Lhota pod Libčany,954,"41,5",1%,172,2,744,28%,73,1,"1,9",212,3,122,128,223,3,12 336 Kč,14 908 Kč,14 222 503 Kč,267,3,79,"0,08280922432",32,1,"1,6",86,1,152,"2,00",VELMI SILNÉ,,,
RK,576441,Lhoty u Potštejna,322,"40,7",3%,114,2,278,16%,166,2,"1,0",82,1,52,161,57,1,15 381 Kč,18 923 Kč,6 093 065 Kč,39,1,10,"0,03105590062",229,3,"2,266666667",191,3,125,"1,86",VELMI SILNÉ,,,
JC,573108,Libáň,1 764,"42,4",-1%,247,3,1693,4%,265,3,"1,6",167,2,205,116,290,4,14 595 Kč,16 427 Kč,28 977 479 Kč,129,2,55,"0,03117913832",228,3,"1,266666667",41,1,195,"2,57",SILNÉ,,,
HK,570249,Libčany,905,"41,8",1%,200,3,743,22%,119,2,"1,5",154,2,109,120,267,3,13 690 Kč,17 142 Kč,15 513 703 Kč,84,1,37,"0,0408839779",150,2,"1,5",75,1,150,"2,00",VELMI SILNÉ,,,
RK,548651,Libel,159,"39,2",7%,30,1,103,54%,20,1,"0,9",76,1,18,113,316,4,16 601 Kč,14 060 Kč,2 235 524 Kč,347,4,14,"0,08805031447",22,1,"3,866666667",402,5,173,"2,43",VELMI SILNÉ,,,
RK,576450,Liberk,704,"39,8",5%,62,1,724,-3%,336,4,"1,6",170,2,81,115,300,4,16 215 Kč,19 273 Kč,13 568 463 Kč,36,1,19,"0,02698863636",266,3,"2,066666667",157,2,190,"2,43",SILNÉ,,,
NA,547701,Libchyně,73,"42,8",-2%,280,4,71,3%,279,4,"0,0",1,1,11,151,99,2,10 463 Kč,11 424 Kč,833 959 Kč,447,5,1,"0,01369863014",389,5,"3,8",394,5,270,"3,71",SLABÉ,,,
TU,579475,Libňatov,366,"44,7",-6%,398,5,375,-2%,331,4,"0,9",70,1,44,120,269,3,13 146 Kč,14 851 Kč,5 435 314 Kč,273,4,10,"0,02732240437",264,3,"2,733333333",243,3,264,"3,29",SLABÉ,,,
HK,570257,Libníkovice,167,"44,1",-5%,367,5,131,27%,75,1,"0,0",1,1,22,132,200,3,11 354 Kč,13 341 Kč,2 227 906 Kč,401,5,10,"0,05988023952",76,1,"2,966666667",276,4,199,"2,86",SILNÉ,,,
JC,573116,Libošovice,501,"43,8",-4%,356,4,467,7%,236,3,"1,0",78,1,57,114,312,4,14 764 Kč,17 752 Kč,8 893 934 Kč,66,1,26,"0,05189620758",104,2,"2,133333333",175,2,190,"2,43",SILNÉ,,,
TU,579483,Libotov,187,"43,1",-2%,300,4,161,16%,163,2,"2,6",310,4,20,107,355,4,13 683 Kč,16 025 Kč,2 996 583 Kč,156,2,2,"0,01069518717",407,5,3,279,4,281,"3,57",VELMI SLABÉ,,,
HK,570265,Librantice,587,"37,7",10%,5,1,361,63%,15,1,"2,0",234,3,90,153,89,1,11 961 Kč,14 322 Kč,8 406 892 Kč,328,4,52,"0,08858603066",21,1,"2,266666667",191,3,126,"2,00",VELMI SILNÉ,,,
HK,570273,Libřice,296,"41,9",0%,206,3,266,11%,202,3,"2,1",238,3,36,122,261,3,11 909 Kč,13 845 Kč,4 098 188 Kč,370,5,11,"0,03716216216",179,2,"2,6",223,3,240,"3,14",SLABÉ,,,
JC,573124,Libuň,795,"43,0",-2%,291,4,799,-1%,311,4,"1,1",94,2,99,125,243,3,12 904 Kč,15 377 Kč,12 224 845 Kč,215,3,21,"0,02641509434",273,4,"2,266666667",191,3,231,"3,29",PRŮMĚRNÉ,,,
RK,576468,Lično,652,"41,6",1%,175,2,524,24%,99,2,"0,2",34,1,61,94,401,5,12 898 Kč,14 567 Kč,9 497 981 Kč,311,4,32,"0,0490797546",114,2,"1,866666667",125,2,180,"2,57",SILNÉ,,,
RK,576476,Lípa nad Orlicí,585,"39,4",7%,35,1,419,40%,39,1,"1,4",131,2,72,123,253,3,14 004 Kč,14 572 Kč,8 524 508 Kč,310,4,44,"0,07521367521",49,1,2,147,2,138,"2,00",VELMI SILNÉ,,,
JC,573086,Lískovice,221,"43,4",-3%,322,4,209,6%,249,3,"3,1",349,4,17,77,434,5,15 257 Kč,17 469 Kč,3 860 651 Kč,74,1,7,"0,03167420814",221,3,"3,133333333",297,4,278,"3,43",VELMI SLABÉ,,,
HK,570290,Lišice,159,"50,4",-20%,448,5,237,-33%,448,5,"3,4",380,5,16,101,382,5,15 451 Kč,21 232 Kč,3 375 851 Kč,20,1,3,"0,01886792453",347,4,"3,2",314,4,334,"4,14",VELMI SLABÉ,,,
TU,546470,Litíč,174,"39,7",6%,55,1,89,96%,7,1,"1,8",191,3,32,184,26,1,13 349 Kč,14 875 Kč,2 588 214 Kč,270,4,12,"0,06896551724",58,1,"4,2",428,5,148,"2,29",VELMI SILNÉ,,,
NA,573388,Litoboř,109,"44,5",-6%,388,5,97,12%,193,3,"0,0",1,1,21,193,21,1,12 423 Kč,15 988 Kč,1 742 638 Kč,160,2,1,"0,009174311927",416,5,"4,066666667",420,5,228,"3,14",PRŮMĚRNÉ,,,
HK,570303,Lodín,413,"39,9",5%,67,1,291,42%,37,1,"2,6",306,4,48,116,289,4,61 889 Kč,68 299 Kč,28 207 632 Kč,2,1,33,"0,0799031477",36,1,"2,533333333",217,3,136,"2,14",VELMI SILNÉ,,,
HK,570311,Lochenice,598,"41,4",2%,165,2,436,37%,44,1,"2,5",296,4,71,119,281,4,10 709 Kč,12 718 Kč,7 605 162 Kč,429,5,32,"0,05351170569",97,2,"2,933333333",270,4,226,"3,14",PRŮMĚRNÉ,,,
HK,570320,Lovčice,702,"42,5",-1%,260,3,663,6%,247,3,"3,1",358,4,76,108,344,4,12 638 Kč,15 174 Kč,10 652 079 Kč,235,3,20,"0,02849002849",253,3,"1,733333333",105,2,257,"3,14",SLABÉ,,,
JC,573141,Lukavec u Hořic,305,"41,9",0%,203,3,271,13%,190,3,"3,7",391,5,43,141,144,2,12 120 Kč,13 743 Kč,4 191 643 Kč,377,5,22,"0,07213114754",52,1,"3,533333333",368,5,246,"3,43",SLABÉ,,,
RK,576492,Lukavice,626,"42,0",0%,214,3,471,33%,59,1,"0,0",1,1,88,141,149,2,12 724 Kč,15 127 Kč,9 469 397 Kč,242,3,51,"0,08146964856",33,1,"1,8",116,2,116,"1,86",VELMI SILNÉ,,,
RK,576506,Lupenice,268,"41,0",3%,139,2,256,5%,259,3,"1,7",180,3,29,108,347,4,9 976 Kč,13 949 Kč,3 738 261 Kč,357,4,16,"0,05970149254",77,1,"4,133333333",425,5,255,"3,14",SLABÉ,,,
HK,570354,Lužany (HK),129,"47,0",-12%,437,5,139,-7%,382,5,"3,4",380,5,12,93,403,5,12 781 Kč,14 782 Kč,1 906 902 Kč,283,4,3,"0,02325581395",310,4,"3,233333333",324,4,360,"4,57",VELMI SLABÉ,,,
JC,573159,Lužany (JC),585,"42,3",0%,235,3,463,26%,87,1,"1,0",85,1,92,157,72,1,13 033 Kč,16 835 Kč,9 848 574 Kč,103,2,15,"0,02564102564",283,4,"1,8",116,2,140,"2,00",VELMI SILNÉ,,,
HK,570362,Lužec nad Cidlinou,501,"44,1",-5%,369,5,555,-10%,404,5,"4,5",420,5,61,122,260,3,17 429 Kč,15 674 Kč,7 852 739 Kč,186,3,7,"0,01397205589",387,5,"2,233333333",190,3,317,"4,14",VELMI SLABÉ,,,
NA,574210,Machov,1 096,"44,6",-6%,391,5,1147,-4%,353,4,"2,8",327,4,143,130,212,3,12 517 Kč,14 923 Kč,16 355 545 Kč,263,3,22,"0,0200729927",337,4,"1,3",48,1,276,"3,43",VELMI SLABÉ,,,
TU,579505,Malá Úpa,139,"38,3",9%,13,1,78,78%,9,1,"1,0",83,1,57,410,1,1,47 388 Kč,59 140 Kč,8 220 493 Kč,3,1,39,"0,2805755396",2,1,"2,933333333",270,4,54,"1,43",VELMI SILNÉ,,,
TU,579513,Malé Svatoňovice,1 504,"43,7",-4%,348,4,1502,0%,304,4,"2,6",312,4,138,92,410,5,11 060 Kč,14 959 Kč,22 498 673 Kč,259,3,40,"0,02659574468",270,4,"1,266666667",41,1,278,"3,57",VELMI SLABÉ,,,
JC,573167,Markvartice,488,"43,0",-2%,289,4,488,0%,305,4,"1,6",172,2,55,113,319,4,19 705 Kč,19 168 Kč,9 353 787 Kč,37,1,8,"0,01639344262",369,5,"2,266666667",191,3,240,"3,29",SLABÉ,,,
TU,579530,Maršov u Úpice,190,"42,5",-1%,258,3,146,30%,66,1,"2,9",331,4,25,132,201,3,10 213 Kč,12 307 Kč,2 338 296 Kč,440,5,4,"0,02105263158",327,4,"3,933333333",409,5,290,"3,57",VELMI SLABÉ,,,
NA,574228,Martínkovice,497,"44,9",-7%,407,5,541,-8%,391,5,"5,5",437,5,53,107,356,4,13 550 Kč,16 065 Kč,7 984 223 Kč,152,2,11,"0,02213279678",318,4,"2,066666667",157,2,317,"3,86",VELMI SLABÉ,,,
HK,573779,Máslojedy,217,"41,4",2%,161,2,122,78%,10,1,"3,4",378,5,19,88,418,5,12 777 Kč,14 739 Kč,3 198 297 Kč,290,4,6,"0,02764976959",261,3,"3,366666667",346,4,266,"3,43",SLABÉ,,,
HK,570397,Měník,595,"43,3",-3%,310,4,510,17%,159,2,"2,1",236,3,108,182,31,1,12 957 Kč,15 418 Kč,9 173 746 Kč,209,3,28,"0,04705882353",120,2,"1,4",58,1,160,"2,29",VELMI SILNÉ,,,
NA,574236,Mezilečí,132,"45,7",-9%,419,5,139,-5%,358,4,"3,4",377,5,14,106,360,5,11 647 Kč,19 943 Kč,2 632 518 Kč,28,1,1,"0,007575757576",421,5,"3,933333333",409,5,339,"4,29",VELMI SLABÉ,,,
NA,574244,Mezilesí,252,"40,9",3%,129,2,208,21%,121,2,"2,5",288,4,7,28,447,5,11 758 Kč,12 429 Kč,3 132 077 Kč,439,5,18,"0,07142857143",53,1,"3,266666667",326,4,258,"3,29",SLABÉ,,,
NA,574252,Meziměstí,2 429,"45,0",-7%,408,5,3009,-19%,438,5,"4,9",427,5,178,73,435,5,12 640 Kč,15 065 Kč,36 593 492 Kč,246,3,14,"0,005763688761",428,5,"1,2",27,1,344,"4,14",VELMI SLABÉ,,,
JC,573175,Miletín,912,"42,8",-2%,277,4,944,-3%,340,4,"2,4",281,4,118,129,217,3,13 911 Kč,16 800 Kč,15 321 552 Kč,106,2,27,"0,02960526316",246,3,"1,4",58,1,218,"3,00",PRŮMĚRNÉ,,,
JC,548863,Milovice u Hořic,294,"39,4",6%,38,1,226,30%,67,1,"3,1",355,4,35,119,277,4,14 232 Kč,16 964 Kč,4 987 276 Kč,94,2,5,"0,01700680272",363,5,"2,133333333",175,2,196,"2,71",SILNÉ,,,
TU,579548,Mladé Buky,2 329,"41,5",1%,170,2,2042,14%,174,2,"2,0",222,3,322,138,162,2,11 661 Kč,14 290 Kč,33 282 334 Kč,330,4,104,"0,04465435809",130,2,"1,466666667",68,1,179,"2,29",SILNÉ,,,
JC,573205,Mladějov,503,"45,1",-7%,411,5,575,-13%,411,5,"1,0",80,1,59,117,285,4,13 812 Kč,22 022 Kč,11 077 240 Kč,18,1,15,"0,02982107356",240,3,"2,133333333",175,2,231,"3,00",PRŮMĚRNÉ,,,
JC,573213,Mlázovice,548,"46,8",-11%,433,5,598,-8%,394,5,"1,3",120,2,57,104,364,5,12 979 Kč,14 478 Kč,7 933 687 Kč,319,4,14,"0,02554744526",284,4,"1,866666667",125,2,291,"3,86",VELMI SLABÉ,,,
HK,570401,Mlékosrby,234,"44,0",-4%,362,5,231,1%,294,4,"2,8",323,4,29,124,247,3,12 218 Kč,15 310 Kč,3 582 656 Kč,221,3,8,"0,03418803419",196,3,"3,5",365,5,287,"3,86",VELMI SLABÉ,,,
RK,576522,Mokré,158,"43,9",-4%,357,4,181,-13%,413,5,"2,0",221,3,25,158,69,1,12 820 Kč,14 598 Kč,2 306 517 Kč,306,4,4,"0,0253164557",287,4,"2,733333333",243,3,271,"3,43",SLABÉ,,,
HK,570419,Mokrovousy,378,"40,5",4%,102,2,265,43%,36,1,"2,9",331,4,48,127,227,3,11 867 Kč,13 759 Kč,5 201 054 Kč,376,5,24,"0,06349206349",69,1,"3,066666667",287,4,204,"2,86",SILNÉ,,,
TU,579556,Mostek,1 206,"46,1",-9%,425,5,1379,-13%,412,5,"3,1",353,4,123,102,378,5,12 041 Kč,15 085 Kč,18 192 445 Kč,244,3,31,"0,02570480929",282,4,"1,466666667",68,1,309,"3,86",VELMI SLABÉ,,,
HK,570427,Myštěves,171,"45,6",-8%,415,5,180,-5%,357,4,"5,0",429,5,21,123,256,3,13 540 Kč,15 665 Kč,2 678 796 Kč,188,3,6,"0,0350877193",191,3,"2,9",269,3,301,"3,71",VELMI SLABÉ,,,
HK,570435,Mžany,423,"42,0",0%,218,3,358,18%,144,2,"0,7",54,1,67,158,67,1,14 160 Kč,16 698 Kč,7 063 258 Kč,114,2,11,"0,02600472813",278,4,"2,066666667",157,2,147,"2,14",VELMI SILNÉ,,,
NA,574261,Nahořany,590,"39,8",6%,56,1,500,18%,145,2,"0,5",42,1,78,132,193,3,13 027 Kč,15 840 Kč,9 345 662 Kč,173,2,40,"0,06779661017",63,1,"2,133333333",175,2,121,"1,71",VELMI SILNÉ,,,
NA,573868,Náchod,19 979,"43,8",-4%,355,4,20712,-4%,345,4,"2,3",271,4,2775,139,157,2,13 479 Kč,16 004 Kč,319 747 009 Kč,159,2,299,"0,014965714",382,5,"1,2",27,1,242,"3,14",SLABÉ,,,
HK,570443,Neděliště,359,"42,1",0%,224,3,349,3%,278,4,"2,6",304,4,51,142,138,2,13 614 Kč,15 142 Kč,5 436 097 Kč,240,3,16,"0,04456824513",132,2,"2,466666667",211,3,218,"3,00",PRŮMĚRNÉ,,,
HK,570451,Nechanice,2 329,"41,9",1%,201,3,2118,10%,218,3,"2,2",247,3,270,116,292,4,14 607 Kč,19 789 Kč,46 087 419 Kč,29,1,82,"0,03520824388",190,3,"1,3",48,1,175,"2,57",VELMI SILNÉ,,,
TU,579564,Nemojov,751,"39,4",6%,36,1,439,71%,14,1,"3,7",386,5,105,140,154,2,10 189 Kč,13 760 Kč,10 333 753 Kč,375,5,51,"0,06790945406",62,1,"2,066666667",157,2,169,"2,43",VELMI SILNÉ,,,
JC,573230,Nemyčeves,343,"39,9",5%,66,1,254,35%,53,1,"2,2",256,3,45,131,207,3,13 104 Kč,15 454 Kč,5 300 656 Kč,203,3,3,"0,008746355685",419,5,"2,433333333",210,3,202,"2,71",SILNÉ,,,
HK,570478,Nepolisy,962,"42,3",0%,234,3,848,13%,180,3,"3,7",387,5,136,141,141,2,13 539 Kč,15 453 Kč,14 865 936 Kč,205,3,42,"0,04365904366",137,2,"1,566666667",81,1,195,"2,71",SILNÉ,,,
JC,549207,Nevratice,166,"41,4",2%,168,2,162,2%,282,4,"4,0",401,5,19,114,306,4,11 975 Kč,14 514 Kč,2 409 389 Kč,317,4,4,"0,02409638554",303,4,"3,5",365,5,306,"4,00",VELMI SLABÉ,,,
JC,573248,Nová Paka,9 094,"44,1",-5%,368,5,9380,-3%,338,4,"1,9",203,3,1302,143,132,2,10 030 Kč,14 617 Kč,132 925 436 Kč,305,4,224,"0,02463162525",298,4,1,1,1,235,"3,29",PRŮMĚRNÉ,,,
RK,576549,Nová Ves,195,"40,7",3%,115,2,165,18%,143,2,"3,2",361,5,31,159,64,1,12 911 Kč,15 437 Kč,3 010 227 Kč,207,3,19,"0,09743589744",14,1,"4,033333333",419,5,189,"2,71",SILNÉ,,,
HK,570494,Nové Město,421,"42,5",-1%,254,3,385,9%,225,3,"2,9",339,4,56,133,188,3,13 972 Kč,16 481 Kč,6 938 322 Kč,126,2,17,"0,04038004751",155,2,"2,3",201,3,213,"2,86",PRŮMĚRNÉ,,,
NA,574279,Nové Město nad Metují,9 436,"45,1",-7%,412,5,10220,-8%,385,5,"2,2",261,3,1273,135,178,2,12 153 Kč,15 182 Kč,143 260 744 Kč,232,3,229,"0,02426875795",301,4,1,1,1,253,"3,29",SLABÉ,,,
HK,570508,Nový Bydžov,6 986,"43,5",-3%,328,4,7242,-4%,344,4,"3,7",390,5,998,143,134,2,13 707 Kč,17 939 Kč,125 324 769 Kč,62,1,189,"0,02705410822",265,3,1,1,1,218,"2,86",PRŮMĚRNÉ,,,
NA,574287,Nový Hrádek,848,"40,0",5%,73,1,700,21%,122,2,"1,1",104,2,101,119,275,4,13 596 Kč,16 951 Kč,14 374 496 Kč,95,2,27,"0,03183962264",217,3,"1,6",86,1,139,"2,14",VELMI SILNÉ,,,
NA,574295,Nový Ples,346,"41,2",2%,150,2,287,21%,127,2,"1,4",136,2,30,87,421,5,9 628 Kč,13 342 Kč,4 616 271 Kč,400,5,9,"0,02601156069",277,4,"2,666666667",234,3,249,"3,29",SLABÉ,,,
HK,548065,Obědovice,286,"43,6",-4%,341,4,246,16%,162,2,"4,1",403,5,38,133,190,3,11 743 Kč,13 936 Kč,3 985 820 Kč,359,4,17,"0,05944055944",79,1,"2,666666667",234,3,253,"3,14",SLABÉ,,,
RK,576557,Očelice,235,"43,6",-4%,340,4,261,-10%,405,5,"3,2",365,5,19,81,427,5,12 877 Kč,14 091 Kč,3 311 407 Kč,346,4,1,"0,004255319149",436,5,"2,8",252,3,367,"4,43",VELMI SLABÉ,,,
JC,549185,Ohařice,66,"40,5",4%,98,2,60,10%,217,3,"2,3",266,3,11,167,49,1,15 628 Kč,17 709 Kč,1 168 789 Kč,67,1,2,"0,0303030303",234,3,"4,733333333",445,5,197,"2,57",SILNÉ,,,
JC,548910,Ohaveč,108,"38,6",8%,16,1,62,74%,12,1,"0,0",1,1,10,93,405,5,12 747 Kč,11 164 Kč,1 205 696 Kč,448,5,4,"0,03703703704",181,3,5,448,5,216,"3,00",PRŮMĚRNÉ,,,
RK,576565,Ohnišov,492,"42,6",-1%,265,3,499,-1%,325,4,"0,6",49,1,71,144,126,2,13 942 Kč,15 737 Kč,7 742 405 Kč,177,2,20,"0,0406504065",153,2,"2,066666667",157,2,179,"2,29",SILNÉ,,,
HK,570516,Ohnišťany,328,"43,9",-4%,360,5,335,-2%,328,4,"1,4",142,2,42,128,222,3,14 297 Kč,16 050 Kč,5 264 356 Kč,154,2,5,"0,01524390244",379,5,"1,866666667",125,2,244,"3,29",SLABÉ,,,
HK,570524,Olešnice (HK),374,"40,2",5%,82,1,283,32%,63,1,"4,3",415,5,41,110,334,4,11 610 Kč,13 922 Kč,5 206 865 Kč,361,5,24,"0,06417112299",67,1,"3,066666667",287,4,230,"3,00",PRŮMĚRNÉ,,,
RK,576581,Olešnice (RK),479,"41,3",2%,159,2,409,17%,156,2,"0,6",50,1,52,109,343,4,11 539 Kč,13 501 Kč,6 466 941 Kč,394,5,23,"0,04801670146",116,2,"2,466666667",211,3,204,"2,71",SILNÉ,,,
RK,576573,Olešnice v Orlických horách,419,"43,8",-4%,351,4,542,-23%,440,5,"3,9",395,5,65,155,83,1,15 218 Kč,17 612 Kč,7 379 315 Kč,71,1,21,"0,05011933174",108,2,"1,666666667",94,2,220,"2,86",PRŮMĚRNÉ,,,
RK,576590,Opočno,3 136,"43,4",-3%,324,4,3309,-5%,362,5,"1,2",112,2,382,122,259,3,13 959 Kč,17 562 Kč,55 075 834 Kč,72,1,242,"0,07716836735",45,1,"1,2",27,1,172,"2,43",VELMI SILNÉ,,,
RK,576603,Orlické Záhoří,201,"38,8",8%,21,1,241,-17%,431,5,"3,2",361,5,31,154,88,1,24 724 Kč,33 187 Kč,6 670 673 Kč,7,1,11,"0,05472636816",91,2,"2,066666667",157,2,165,"2,43",VELMI SILNÉ,,,
RK,576611,Osečnice,288,"40,6",4%,109,2,291,-1%,318,4,"0,0",1,1,42,146,121,2,11 241 Kč,13 100 Kč,3 772 725 Kč,414,5,6,"0,02083333333",330,4,"3,4",349,5,235,"3,29",PRŮMĚRNÉ,,,
JC,573264,Osek,233,"39,6",6%,46,1,160,46%,31,1,"3,3",368,5,16,69,438,5,11 909 Kč,13 673 Kč,3 185 810 Kč,382,5,18,"0,07725321888",44,1,"3,4",349,4,237,"3,14",SLABÉ,,,
HK,570532,Osice,496,"39,7",6%,52,1,402,23%,104,2,"2,5",295,4,57,115,301,4,15 649 Kč,20 154 Kč,9 996 624 Kč,26,1,34,"0,0685483871",60,1,"1,466666667",68,1,129,"2,00",VELMI SILNÉ,,,
HK,570541,Osičky,165,"39,2",7%,24,1,129,28%,74,1,"2,7",320,4,17,103,368,5,12 983 Kč,14 566 Kč,2 403 426 Kč,312,4,4,"0,02424242424",302,4,"3,2",314,4,245,"3,29",SLABÉ,,,
JC,573272,Ostroměř,1 362,"44,0",-4%,361,5,1410,-3%,341,4,"2,6",309,4,148,109,341,4,12 434 Kč,15 179 Kč,20 673 387 Kč,234,3,28,"0,02055800294",333,4,"1,266666667",41,1,280,"3,57",VELMI SLABÉ,,,
JC,573281,Ostružno,93,"43,5",-3%,331,4,99,-6%,369,5,"0,0",1,1,10,108,351,4,16 391 Kč,20 794 Kč,1 933 856 Kč,23,1,1,"0,01075268817",406,5,"3,666666667",388,5,267,"3,57",SLABÉ,,,
NA,574317,Otovice,351,"44,4",-5%,381,5,363,-3%,339,4,"6,6",441,5,47,134,184,3,12 387 Kč,14 809 Kč,5 198 055 Kč,280,4,1,"0,002849002849",440,5,"3,6",378,5,349,"4,43",VELMI SLABÉ,,,
TU,579581,Pec pod Sněžkou,657,"43,1",-2%,299,4,529,24%,102,2,"2,5",290,4,208,317,3,1,38 359 Kč,44 049 Kč,28 940 148 Kč,5,1,25,"0,03805175038",170,2,"1,8",116,1,141,"2,14",VELMI SILNÉ,,,
JC,573299,Pecka,1 270,"44,1",-5%,370,5,1316,-3%,343,4,"1,7",181,3,229,180,32,1,13 067 Kč,16 255 Kč,20 643 948 Kč,141,2,59,"0,04645669291",123,2,"1,3",48,1,177,"2,57",SILNÉ,,,
RK,576620,Pěčín,508,"40,5",4%,105,2,479,6%,245,3,"0,6",46,1,70,138,167,2,13 106 Kč,15 870 Kč,8 062 205 Kč,168,2,10,"0,01968503937",341,4,"1,666666667",94,2,167,"2,29",VELMI SILNÉ,,,
HK,570567,Petrovice,280,"42,4",-1%,243,3,222,26%,88,1,"7,6",444,5,19,68,440,5,15 563 Kč,18 856 Kč,5 279 586 Kč,42,1,7,"0,025",290,4,"1,733333333",105,2,236,"3,00",SLABÉ,,,
JC,548871,Petrovičky,46,"42,3",-1%,242,3,37,24%,101,2,"6,9",442,5,9,196,18,1,14 395 Kč,18 102 Kč,832 697 Kč,57,1,1,"0,02173913043",323,4,4,417,5,229,"3,00",PRŮMĚRNÉ,,,
TU,579599,Pilníkov,1 269,"41,1",2%,146,2,1067,19%,139,2,"2,0",225,3,158,125,244,3,13 046 Kč,15 029 Kč,19 071 891 Kč,253,3,56,"0,04412923562",133,2,"1,7",102,2,177,"2,43",SILNÉ,,,
HK,570575,Písek,260,"41,3",2%,154,2,216,20%,131,2,"3,9",399,5,27,104,365,5,11 966 Kč,14 393 Kč,3 742 193 Kč,322,4,18,"0,06923076923",57,1,3,279,4,244,"3,29",SLABÉ,,,
RK,576654,Podbřezí,571,"38,1",9%,11,1,459,24%,100,2,"1,8",185,3,62,109,342,4,12 238 Kč,15 037 Kč,8 586 296 Kč,252,3,21,"0,03677758319",182,3,"1,933333333",136,2,173,"2,57",VELMI SILNÉ,,,
JC,573311,Podhorní Újezd a Vojice,647,"42,6",-1%,269,3,585,11%,212,3,"2,0",223,3,92,142,136,2,11 655 Kč,14 197 Kč,9 185 472 Kč,335,4,21,"0,03245749614",212,3,"1,9",134,2,217,"2,86",PRŮMĚRNÉ,,,
JC,573329,Podhradí,454,"43,4",-3%,320,4,407,12%,201,3,"2,0",229,3,69,152,92,2,14 567 Kč,15 269 Kč,6 932 229 Kč,224,3,12,"0,02643171806",272,4,"3,333333333",340,4,240,"3,29",SLABÉ,,,
JC,573345,Podůlší,259,"40,7",3%,117,2,171,51%,21,1,"0,0",1,1,42,162,54,1,9 923 Kč,12 248 Kč,3 172 358 Kč,442,5,8,"0,03088803089",230,3,"3,266666667",326,4,170,"2,43",VELMI SILNÉ,,,
RK,576662,Pohoří,707,"39,8",5%,63,1,548,29%,71,1,"0,6",51,1,102,144,127,2,11 872 Kč,13 967 Kč,9 874 982 Kč,355,4,19,"0,02687411598",267,3,"1,9",134,2,153,"2,00",VELMI SILNÉ,,,
NA,574341,Police nad Metují,4 086,"44,3",-5%,374,5,4480,-9%,396,5,"2,8",330,4,445,109,338,4,13 209 Kč,16 414 Kč,67 065 889 Kč,130,2,164,"0,04013705335",159,2,"1,2",27,1,251,"3,29",SLABÉ,,,
RK,548723,Polom,141,"39,2",7%,28,1,95,48%,24,1,"2,2",257,3,18,128,224,3,13 032 Kč,15 378 Kč,2 168 269 Kč,214,3,7,"0,04964539007",110,2,"3,6",378,5,176,"2,57",SILNÉ,,,
RK,576671,Potštejn,988,"42,8",-2%,274,4,991,0%,308,4,"0,9",72,1,117,118,282,4,14 338 Kč,15 979 Kč,15 787 449 Kč,161,2,39,"0,03947368421",161,2,"1,8",116,2,196,"2,71",SILNÉ,,,
HK,570648,Prasek,613,"43,0",-2%,295,4,553,11%,208,3,"2,6",311,4,77,126,235,3,12 516 Kč,15 368 Kč,9 420 708 Kč,218,3,25,"0,04078303426",151,2,2,147,2,224,"3,00",PRŮMĚRNÉ,,,
HK,570656,Praskačka,1 081,"40,6",4%,107,2,955,13%,184,3,"1,2",117,2,170,157,73,1,13 656 Kč,15 388 Kč,16 634 071 Kč,213,3,45,"0,04162812211",145,2,"1,366666667",55,1,128,"2,00",VELMI SILNÉ,,,
RK,548758,Proruby,51,"50,2",-19%,447,5,55,-7%,384,5,"0,0",1,1,8,157,74,1,15 013 Kč,16 217 Kč,827 084 Kč,144,2,1,"0,01960784314",342,4,"4,866666667",447,5,263,"3,29",SLABÉ,,,
TU,579602,Prosečné,587,"40,2",5%,79,1,558,5%,251,3,"0,5",41,1,62,106,361,5,11 399 Kč,13 606 Kč,7 986 775 Kč,387,5,21,"0,03577512777",186,3,"2,033333333",156,2,209,"2,86",PRŮMĚRNÉ,,,
NA,574350,Provodov-Šonov,1 223,"39,8",5%,60,1,1000,22%,116,2,"2,2",262,3,178,146,123,2,11 605 Kč,14 309 Kč,17 499 724 Kč,329,4,64,"0,05233033524",102,2,"1,733333333",105,2,157,"2,29",VELMI SILNÉ,,,
HK,570672,Předměřice nad Labem,1 902,"40,8",3%,121,2,1504,26%,85,1,"1,6",171,2,284,149,105,2,12 729 Kč,14 937 Kč,28 410 226 Kč,261,3,73,"0,03838065195",168,2,"1,666666667",94,1,144,"1,86",VELMI SILNÉ,,,
RK,576689,Přepychy,637,"45,7",-8%,418,5,631,1%,297,4,"1,1",89,1,73,115,305,4,12 907 Kč,14 695 Kč,9 360 736 Kč,295,4,14,"0,02197802198",321,4,"2,066666667",157,2,269,"3,43",SLABÉ,,,
HK,570681,Převýšov,335,"41,9",0%,212,3,344,-3%,335,4,"5,0",430,5,31,93,406,5,13 080 Kč,14 938 Kč,5 004 171 Kč,260,3,4,"0,01194029851",401,5,"2,133333333",175,2,317,"3,86",VELMI SLABÉ,,,
NA,574368,Přibyslav,205,"40,7",3%,116,2,139,47%,25,1,"1,4",142,2,51,249,8,1,12 545 Kč,12 117 Kč,2 484 025 Kč,444,5,8,"0,03902439024",165,2,"3,266666667",326,4,175,"2,43",VELMI SILNÉ,,,
HK,530671,Pšánky,60,"47,9",-14%,443,5,49,22%,115,2,"6,1",439,5,11,183,27,1,24 349 Kč,16 644 Kč,998 655 Kč,117,2,4,"0,06666666667",65,1,"3,4",349,4,222,"2,86",PRŮMĚRNÉ,,,
HK,573531,Puchlovice,113,"48,5",-15%,445,5,124,-9%,397,5,"3,1",349,4,14,124,248,3,11 545 Kč,14 131 Kč,1 596 785 Kč,341,4,2,"0,01769911504",355,4,"3,133333333",297,4,347,"4,14",VELMI SLABÉ,,,
HK,570702,Račice nad Trotinou,160,"40,2",5%,81,1,153,5%,260,3,"2,8",329,4,21,131,206,3,17 708 Kč,18 011 Kč,2 881 780 Kč,60,1,3,"0,01875",348,4,"3,933333333",409,5,242,"3,00",SLABÉ,,,
HK,570711,Radíkovice,183,"39,2",7%,27,1,153,20%,135,2,"2,5",298,4,35,191,22,1,9 860 Kč,14 663 Kč,2 683 377 Kč,302,4,10,"0,05464480874",92,2,"2,866666667",259,3,162,"2,43",VELMI SILNÉ,,,
JC,573370,Radim,434,"43,3",-3%,309,4,376,15%,169,2,"2,2",257,3,60,138,163,2,14 208 Kč,16 986 Kč,7 372 030 Kč,93,2,19,"0,04377880184",136,2,"2,333333333",203,3,190,"2,57",SILNÉ,,,
HK,570729,Radostov,128,"45,9",-9%,422,5,105,22%,118,2,"2,3",266,3,20,156,77,1,12 625 Kč,15 680 Kč,2 007 080 Kč,184,3,9,"0,0703125",54,1,"3,833333333",401,5,217,"2,86",PRŮMĚRNÉ,,,
TU,579629,Radvanice,972,"41,9",0%,211,3,1027,-5%,365,5,"2,7",317,4,87,90,415,5,12 720 Kč,15 370 Kč,14 940 009 Kč,216,3,15,"0,01543209877",377,5,"1,733333333",105,1,287,"3,71",VELMI SLABÉ,,,
NA,574376,Rasošky,695,"39,4",6%,40,1,521,33%,57,1,"2,9",331,4,88,127,228,3,12 231 Kč,14 164 Kč,9 844 171 Kč,337,4,26,"0,03741007194",177,2,"1,733333333",105,2,182,"2,43",SILNÉ,,,
JC,549274,Rašín,98,"39,3",7%,31,1,73,34%,55,1,"1,8",191,3,16,163,53,1,12 737 Kč,14 097 Kč,1 381 545 Kč,345,4,3,"0,0306122449",232,3,"3,9",406,5,188,"2,57",SILNÉ,,,
RK,548669,Rohenice,277,"41,1",2%,147,2,206,34%,54,1,"2,1",241,3,41,148,111,2,11 213 Kč,14 145 Kč,3 918 101 Kč,339,4,29,"0,1046931408",11,1,"2,633333333",232,3,162,"2,29",VELMI SILNÉ,,,
JC,573221,Rohoznice,321,"41,2",2%,151,2,310,4%,271,4,"1,4",133,2,43,134,183,3,13 571 Kč,16 744 Kč,5 374 839 Kč,111,2,15,"0,04672897196",121,2,"2,533333333",217,3,170,"2,57",VELMI SILNÉ,,,
JC,548898,Rokytňany,116,"38,1",10%,9,1,87,33%,58,1,"0,0",1,1,6,52,446,5,14 485 Kč,16 510 Kč,1 915 140 Kč,124,2,5,"0,04310344828",140,2,"4,466666667",440,5,174,"2,43",VELMI SILNÉ,,,
RK,576701,Rokytnice v Orlických horách,2 022,"41,9",0%,205,3,1964,3%,276,4,"1,9",204,3,215,106,358,4,13 407 Kč,16 362 Kč,33 084 124 Kč,133,2,20,"0,009891196835",414,5,"1,466666667",68,1,237,"3,14",SLABÉ,,,
HK,570745,Roudnice,672,"40,8",3%,122,2,491,37%,46,1,"3,0",346,4,101,150,100,2,12 957 Kč,14 775 Kč,9 928 933 Kč,285,4,37,"0,05505952381",87,1,"2,2",184,3,167,"2,43",VELMI SILNÉ,,,
NA,574384,Rožnov,376,"43,5",-3%,329,4,378,-1%,313,4,"2,4",277,4,40,106,357,4,11 549 Kč,13 804 Kč,5 190 349 Kč,373,5,8,"0,02127659574",325,4,"2,6",223,3,314,"4,00",VELMI SLABÉ,,,
TU,579637,Rtyně v Podkrkonoší,2 997,"44,0",-5%,365,5,3076,-3%,334,4,"1,6",169,2,318,106,359,4,12 001 Kč,15 037 Kč,45 067 296 Kč,251,3,89,"0,02969636303",245,3,"1,166666667",22,1,249,"3,14",SLABÉ,,,
TU,579645,Rudník,2 176,"43,0",-2%,293,4,2164,1%,300,4,"1,8",202,3,237,109,337,4,11 092 Kč,15 923 Kč,34 648 656 Kč,164,2,60,"0,02757352941",262,3,"1,4",58,1,231,"3,00",PRŮMĚRNÉ,,,
RK,576727,Rybná nad Zdobnicí,418,"41,8",1%,195,3,455,-8%,390,5,"1,8",188,3,39,93,402,5,13 157 Kč,15 391 Kč,6 433 405 Kč,211,3,7,"0,01674641148",364,5,"1,933333333",136,2,269,"3,71",SLABÉ,,,
RK,576069,Rychnov nad Kněžnou,10 998,"42,7",-1%,273,4,11552,-5%,356,4,"1,5",155,2,1369,124,245,3,14 409 Kč,18 560 Kč,204 119 686 Kč,46,1,240,"0,02182214948",322,4,"1,3",48,1,206,"2,71",SILNÉ,,,
NA,574406,Rychnovek,643,"41,6",1%,178,2,564,14%,175,2,"3,1",352,4,69,107,353,4,13 860 Kč,14 362 Kč,9 234 927 Kč,324,4,33,"0,05132192846",105,2,"1,866666667",125,2,230,"2,86",PRŮMĚRNÉ,,,
RK,576735,Říčky v Orlických horách,92,"39,7",6%,50,1,89,3%,273,4,"3,3",370,5,28,304,4,1,33 810 Kč,33 651 Kč,3 095 848 Kč,6,1,80,"0,8695652174",1,1,"3,2",314,4,145,"2,43",VELMI SILNÉ,,,
NA,530786,Říkov,224,"38,9",8%,22,1,153,46%,28,1,"2,1",243,3,31,138,161,2,15 251 Kč,18 576 Kč,4 161 055 Kč,45,1,15,"0,06696428571",64,1,"3,266666667",326,4,127,"1,86",VELMI SILNÉ,,,
HK,573191,Sadová,320,"46,7",-11%,431,5,359,-11%,408,5,"2,0",231,3,39,122,258,3,11 466 Kč,13 931 Kč,4 457 983 Kč,360,5,5,"0,015625",374,5,"3,166666667",313,4,339,"4,29",VELMI SLABÉ,,,
JC,573442,Samšina,263,"44,8",-6%,402,5,238,11%,214,3,"2,3",268,3,30,114,309,4,13 534 Kč,15 726 Kč,4 135 889 Kč,178,2,12,"0,04562737643",125,2,"2,933333333",270,4,252,"3,29",SLABÉ,,,
JC,573451,Sběř,307,"42,0",0%,215,3,287,7%,237,3,"1,2",114,2,27,88,417,5,15 796 Kč,15 725 Kč,4 827 705 Kč,179,2,1,"0,00325732899",439,5,"3,066666667",287,4,270,"3,43",SLABÉ,,,
JC,548961,Sedliště,99,"45,8",-9%,420,5,96,3%,274,4,"2,7",321,4,11,111,327,4,11 528 Kč,14 238 Kč,1 409 599 Kč,333,4,3,"0,0303030303",234,3,"4,066666667",420,5,333,"4,14",VELMI SLABÉ,,,
RK,576743,Sedloňov,214,"42,3",-1%,240,3,315,-32%,447,5,"2,2",263,3,30,140,151,2,16 148 Kč,20 077 Kč,4 296 406 Kč,27,1,10,"0,04672897196",121,2,"3,133333333",297,4,221,"2,86",PRŮMĚRNÉ,,,
JC,572144,Sekeřice,119,"47,2",-12%,439,5,140,-15%,423,5,"0,0",1,1,8,67,441,5,14 501 Kč,17 124 Kč,2 037 753 Kč,87,1,0,0,444,5,"3,566666667",376,5,316,"3,86",VELMI SLABÉ,,,
RK,576751,Semechnice,432,"40,2",4%,83,1,370,17%,158,2,"1,0",86,1,54,125,239,3,12 301 Kč,13 854 Kč,5 984 812 Kč,368,5,26,"0,06018518519",75,1,"3,533333333",368,5,197,"2,57",SILNÉ,,,
NA,547727,Sendraž,107,"44,7",-6%,396,5,84,27%,76,1,"1,6",162,2,16,150,104,2,10 028 Kč,12 050 Kč,1 289 389 Kč,446,5,8,"0,07476635514",50,1,"3,333333333",340,4,225,"2,86",PRŮMĚRNÉ,,,
HK,570796,Sendražice,439,"40,7",3%,119,2,304,44%,35,1,"1,4",138,2,54,123,255,3,10 839 Kč,12 700 Kč,5 575 192 Kč,430,5,39,"0,08883826879",20,1,"3,366666667",346,4,192,"2,57",SILNÉ,,,
HK,570800,Skalice,618,"40,6",4%,108,2,516,20%,133,2,"2,9",335,4,89,144,129,2,11 911 Kč,13 919 Kč,8 601 785 Kč,363,5,42,"0,06796116505",61,1,"2,133333333",175,2,186,"2,57",SILNÉ,,,
HK,570834,Skřivany,1 041,"42,5",-1%,262,3,926,12%,192,3,"2,6",300,4,119,114,308,4,14 537 Kč,15 061 Kč,15 678 235 Kč,247,3,27,"0,02593659942",280,4,"1,066666667",13,1,229,"3,14",PRŮMĚRNÉ,,,
RK,576778,Skuhrov nad Bělou,1 110,"42,3",-1%,236,3,1069,4%,268,3,"1,3",121,2,127,114,307,4,12 762 Kč,16 104 Kč,17 875 987 Kč,150,2,15,"0,01351351351",392,5,"1,566666667",81,1,222,"2,86",PRŮMĚRNÉ,,,
NA,574422,Slatina nad Úpou,298,"44,6",-6%,394,5,320,-7%,376,5,"1,7",177,2,41,138,169,2,11 185 Kč,14 913 Kč,4 444 147 Kč,265,3,7,"0,02348993289",306,4,3,279,4,281,"3,57",VELMI SLABÉ,,,
RK,576786,Slatina nad Zdobnicí,874,"41,9",1%,202,3,823,6%,243,3,"1,1",90,2,86,98,389,5,12 460 Kč,15 723 Kč,13 742 144 Kč,180,3,13,"0,01487414188",384,5,"1,8",116,2,229,"3,29",PRŮMĚRNÉ,,,
JC,573469,Slatiny,541,"43,4",-3%,321,4,449,20%,129,2,"1,5",149,2,51,94,400,5,13 433 Kč,17 404 Kč,9 415 419 Kč,76,1,7,"0,01293900185",397,5,"1,966666667",144,2,231,"3,00",PRŮMĚRNÉ,,,
NA,574431,Slavětín nad Metují,266,"40,3",4%,90,2,243,9%,222,3,"2,6",307,4,43,162,56,1,11 259 Kč,14 150 Kč,3 763 856 Kč,338,4,14,"0,05263157895",100,2,"3,266666667",326,4,206,"2,86",SILNÉ,,,
JC,572187,Slavhostice,136,"47,8",-14%,442,5,158,-14%,420,5,"1,2",110,2,8,59,443,5,16 547 Kč,18 275 Kč,2 485 410 Kč,50,1,3,"0,02205882353",320,4,"3,133333333",297,4,297,"3,71",VELMI SLABÉ,,,
NA,574457,Slavoňov,283,"41,5",1%,173,2,262,8%,232,3,"2,2",250,3,41,145,124,2,12 094 Kč,14 250 Kč,4 032 835 Kč,332,4,15,"0,05300353357",99,2,"2,6",223,3,205,"2,71",SILNÉ,,,
HK,570851,Sloupno,516,"43,2",-3%,303,4,464,11%,203,3,"3,0",343,4,86,167,49,1,11 503 Kč,14 597 Kč,7 532 242 Kč,307,4,13,"0,02519379845",289,4,"2,266666667",191,3,241,"3,29",SLABÉ,,,
HK,570869,Smidary,1 533,"44,3",-5%,375,5,1559,-2%,327,4,"5,2",434,5,156,102,380,5,13 282 Kč,16 510 Kč,25 310 363 Kč,123,2,21,"0,01369863014",389,5,"1,166666667",22,1,293,"3,86",VELMI SLABÉ,,,
HK,570877,Smiřice,2 899,"42,0",0%,217,3,3084,-6%,368,5,"2,8",325,4,298,103,370,5,12 756 Kč,15 041 Kč,43 604 028 Kč,250,3,68,"0,02345636426",309,4,"1,166666667",22,1,266,"3,57",SLABÉ,,,
HK,570885,Smržov,504,"40,8",3%,126,2,361,40%,40,1,"1,8",189,3,80,159,66,1,10 657 Kč,12 620 Kč,6 360 394 Kč,435,5,43,"0,08531746032",28,1,"3,266666667",326,4,173,"2,43",VELMI SILNÉ,,,
RK,576794,Sněžné,135,"43,7",-4%,344,4,164,-18%,435,5,"0,0",1,1,21,156,81,1,15 927 Kč,16 654 Kč,2 248 304 Kč,116,2,1,"0,007407407407",422,5,"3,6",378,5,254,"3,29",SLABÉ,,,
JC,573477,Sobčice,295,"42,6",-1%,271,4,296,0%,309,4,"3,1",355,4,33,112,325,4,12 405 Kč,14 690 Kč,4 333 558 Kč,297,4,6,"0,02033898305",335,4,"2,133333333",175,2,295,"3,71",VELMI SLABÉ,,,
JC,573361,Soběraz,101,"44,8",-6%,401,5,69,46%,29,1,"0,0",1,1,18,178,33,1,14 398 Kč,16 440 Kč,1 660 449 Kč,128,2,3,"0,0297029703",243,3,"4,2",428,5,180,"2,57",SILNÉ,,,
JC,573493,Sobotka,2 371,"43,2",-3%,305,4,2287,4%,270,4,"0,7",53,1,267,113,321,4,12 145 Kč,16 707 Kč,39 611 913 Kč,112,2,59,"0,02488401518",292,4,"1,3",48,1,200,"2,86",SILNÉ,,,
RK,576808,Solnice,2 188,"42,8",-2%,281,4,2086,5%,258,3,"1,1",93,2,238,109,339,4,13 778 Kč,15 925 Kč,34 843 135 Kč,163,2,54,"0,02468007313",297,4,"1,266666667",41,1,210,"2,86",PRŮMĚRNÉ,,,
HK,570907,Sovětice,222,"38,8",8%,19,1,190,17%,157,2,"1,5",148,2,29,131,210,3,13 896 Kč,14 690 Kč,3 261 120 Kč,298,4,4,"0,01801801802",352,4,"3,2",314,4,214,"2,86",PRŮMĚRNÉ,,,
TU,548812,Stanovice,55,"47,0",-12%,436,5,75,-27%,444,5,"3,3",372,5,7,127,225,3,15 098 Kč,18 097 Kč,995 309 Kč,59,1,1,"0,01818181818",351,4,"4,233333333",431,5,331,"4,00",VELMI SLABÉ,,,
JC,573507,Stará Paka,2 081,"42,3",0%,233,3,2127,-2%,329,4,"1,8",196,3,268,129,220,3,12 485 Kč,15 140 Kč,31 505 608 Kč,241,3,43,"0,02066314272",332,4,"1,166666667",22,1,225,"3,00",PRŮMĚRNÉ,,,
HK,570915,Stará Voda,136,"43,2",-3%,306,4,111,23%,113,2,"1,1",101,2,20,147,116,2,14 148 Kč,14 991 Kč,2 038 755 Kč,256,3,4,"0,02941176471",248,3,"3,133333333",297,4,205,"2,86",SILNÉ,,,
TU,579661,Staré Buky,578,"41,0",3%,138,2,356,62%,16,1,"3,0",345,4,76,131,202,3,26 755 Kč,14 430 Kč,8 340 814 Kč,321,4,47,"0,08131487889",34,1,"4,4",437,5,213,"2,86",PRŮMĚRNÉ,,,
JC,530735,Staré Hrady,185,"42,5",-1%,261,3,153,21%,125,2,"0,0",1,1,28,151,94,2,13 507 Kč,14 591 Kč,2 699 356 Kč,309,4,14,"0,07567567568",48,1,"3,066666667",287,4,161,"2,43",VELMI SILNÉ,,,
JC,549096,Staré Místo,314,"41,4",2%,162,2,326,-4%,347,4,"0,9",74,1,31,99,388,5,12 905 Kč,14 628 Kč,4 593 311 Kč,304,4,9,"0,02866242038",252,3,"2,633333333",232,3,251,"3,14",SLABÉ,,,
JC,573523,Staré Smrkovice,260,"41,3",2%,157,2,221,18%,147,2,"1,8",191,3,14,54,445,5,11 629 Kč,15 590 Kč,4 053 427 Kč,193,3,0,0,444,5,"3,133333333",297,4,268,"3,43",SLABÉ,,,
NA,574465,Stárkov,644,"44,2",-5%,373,5,777,-17%,432,5,"1,9",214,3,74,115,302,4,12 075 Kč,16 008 Kč,10 308 982 Kč,158,2,13,"0,0201863354",336,4,"1,933333333",136,2,279,"3,57",VELMI SLABÉ,,,
HK,573132,Starý Bydžov,403,"44,2",-5%,371,5,384,5%,257,3,"3,3",370,5,44,109,336,4,14 332 Kč,15 978 Kč,6 439 088 Kč,162,2,10,"0,02481389578",295,4,"2,1",172,2,280,"3,57",VELMI SLABÉ,,,
HK,570931,Stěžery,2 070,"40,1",5%,74,1,1560,33%,60,1,"1,8",190,3,276,133,187,3,11 772 Kč,13 432 Kč,27 804 944 Kč,396,5,188,"0,09082125604",19,1,2,147,2,153,"2,29",VELMI SILNÉ,,,
HK,570958,Stračov,296,"43,6",-3%,335,4,303,-2%,330,4,"1,4",144,2,58,196,17,1,14 338 Kč,17 837 Kč,5 279 759 Kč,64,1,9,"0,03040540541",233,3,"1,8",116,2,177,"2,43",SILNÉ,,,
TU,579696,Strážné,226,"39,7",6%,47,1,114,98%,6,1,"3,0",342,4,75,332,2,1,22 391 Kč,25 014 Kč,5 653 193 Kč,11,1,22,"0,09734513274",15,1,"3,4",349,4,110,"1,86",VELMI SILNÉ,,,
JC,573540,Střevač,282,"40,5",4%,103,2,279,1%,296,4,"1,0",84,1,24,85,423,5,14 446 Kč,18 257 Kč,5 148 559 Kč,52,1,7,"0,02482269504",294,4,"2,8",252,3,215,"2,86",PRŮMĚRNÉ,,,
HK,570966,Střezetice,397,"41,0",3%,136,2,309,28%,72,1,"1,5",156,2,44,111,332,4,11 644 Kč,13 560 Kč,5 383 354 Kč,389,5,19,"0,04785894207",118,2,"3,066666667",287,4,213,"2,86",PRŮMĚRNÉ,,,
NA,574481,Studnice,1 114,"40,9",3%,134,2,916,22%,120,2,"1,0",79,1,168,151,98,2,8 595 Kč,13 533 Kč,15 075 311 Kč,391,5,50,"0,04488330341",129,2,"1,466666667",68,1,146,"2,14",VELMI SILNÉ,,,
TU,579726,Suchovršice,369,"41,0",3%,137,2,353,5%,263,3,"2,1",243,3,52,141,147,2,11 604 Kč,14 325 Kč,5 285 995 Kč,327,4,14,"0,0379403794",171,2,"2,866666667",259,3,221,"2,71",PRŮMĚRNÉ,,,
NA,574490,Suchý Důl,418,"40,8",3%,120,2,339,23%,106,2,"1,1",95,2,67,160,58,1,13 394 Kč,16 391 Kč,6 851 364 Kč,131,2,4,"0,00956937799",415,5,"2,133333333",175,2,157,"2,29",VELMI SILNÉ,,,
JC,548880,Sukorady,213,"46,0",-9%,424,5,210,1%,292,4,"1,5",153,2,32,150,101,2,11 478 Kč,15 849 Kč,3 375 809 Kč,171,2,5,"0,0234741784",308,4,"3,333333333",340,4,256,"3,29",SLABÉ,,,
JC,573302,Svatojanský Újezd,101,"42,8",-2%,282,4,93,9%,227,3,"1,6",165,2,12,119,279,4,14 758 Kč,18 644 Kč,1 883 073 Kč,44,1,3,"0,0297029703",243,3,4,417,5,237,"3,14",SLABÉ,,,
HK,548154,Světí,328,"40,9",3%,131,2,251,31%,65,1,"2,4",286,4,45,137,170,2,11 237 Kč,12 993 Kč,4 261 705 Kč,423,5,18,"0,05487804878",88,1,"3,1",294,4,208,"2,71",PRŮMĚRNÉ,,,
RK,548693,Svídnice,162,"42,1",0%,221,3,170,-5%,355,4,"0,0",1,1,21,130,215,3,12 555 Kč,14 787 Kč,2 395 548 Kč,282,4,7,"0,04320987654",139,2,"3,466666667",362,4,225,"3,00",PRŮMĚRNÉ,,,
TU,579734,Svoboda nad Úpou,2 062,"46,0",-9%,423,5,2436,-15%,425,5,"2,2",250,3,353,171,44,1,12 925 Kč,14 683 Kč,30 277 099 Kč,301,4,9,"0,004364694471",435,5,"1,266666667",41,1,274,"3,43",VELMI SLABÉ,,,
RK,576816,Synkov-Slemeno,424,"40,6",3%,112,2,344,23%,107,2,"1,1",96,2,51,120,268,3,13 152 Kč,14 935 Kč,6 332 284 Kč,262,3,24,"0,05660377358",81,1,"3,066666667",287,4,173,"2,43",VELMI SILNÉ,,,
HK,571008,Syrovátka,429,"41,4",2%,169,2,339,27%,83,1,"3,9",396,5,44,103,373,5,11 661 Kč,13 720 Kč,5 885 841 Kč,378,5,13,"0,0303030303",234,3,"3,133333333",297,4,276,"3,57",VELMI SLABÉ,,,
HK,571016,Šaplava,118,"48,2",-14%,444,5,126,-6%,372,5,"5,3",435,5,16,136,175,2,11 620 Kč,13 940 Kč,1 644 921 Kč,358,4,0,0,444,5,"2,8",252,3,354,"4,14",VELMI SLABÉ,,,
JC,573256,Šárovcova Lhota,199,"42,4",-1%,245,3,201,-1%,317,4,"0,8",64,1,28,141,148,2,14 461 Kč,16 011 Kč,3 186 243 Kč,157,2,6,"0,03015075377",239,3,"2,866666667",259,3,204,"2,57",SILNÉ,,,
NA,547654,Šestajovice,177,"46,8",-11%,432,5,175,1%,295,4,"3,4",374,5,30,169,47,1,12 268 Kč,16 266 Kč,2 879 051 Kč,139,2,2,"0,01129943503",405,5,"3,8",394,5,298,"3,86",VELMI SLABÉ,,,
NA,574511,Šonov,306,"41,3",2%,158,2,308,-1%,314,4,"6,5",440,5,34,111,327,4,16 658 Kč,20 754 Kč,6 350 573 Kč,24,1,10,"0,03267973856",210,3,"3,133333333",297,4,253,"3,29",SLABÉ,,,
TU,579742,Špindlerův Mlýn,1 119,"42,6",-1%,263,3,1220,-8%,393,5,"0,8",62,1,299,267,6,1,46 027 Kč,51 698 Kč,57 850 096 Kč,4,1,313,"0,2797140304",3,1,"1,233333333",38,1,110,"1,86",VELMI SILNÉ,,,
HK,571024,Těchlovice,346,"44,9",-7%,406,5,312,11%,205,3,"4,6",421,5,64,185,25,1,11 613 Kč,13 818 Kč,4 781 058 Kč,372,5,11,"0,03179190751",220,3,"2,266666667",191,3,263,"3,57",SLABÉ,,,
NA,574538,Teplice nad Metují,1 626,"44,5",-6%,387,5,1906,-15%,422,5,"4,2",410,5,210,129,218,3,15 962 Kč,19 631 Kč,31 919 582 Kč,31,1,34,"0,0209102091",329,4,"1,4",58,1,265,"3,43",SLABÉ,,,
JC,572756,Tetín,160,"43,6",-3%,334,4,136,18%,147,2,"1,0",81,1,27,169,48,1,12 286 Kč,13 243 Kč,2 118 898 Kč,405,5,8,"0,05",109,2,"4,066666667",420,5,221,"2,86",PRŮMĚRNÉ,,,
RK,576824,Trnov,739,"41,6",1%,176,2,678,9%,226,3,"2,3",272,4,74,100,384,5,12 690 Kč,14 716 Kč,10 875 178 Kč,293,4,28,"0,03788903924",172,2,2,147,2,239,"3,14",SLABÉ,,,
TU,579751,Trotina,87,"41,1",2%,144,2,85,2%,284,4,"9,3",448,5,8,92,409,5,11 435 Kč,13 541 Kč,1 178 063 Kč,390,5,1,"0,01149425287",403,5,"4,133333333",425,5,358,"4,43",VELMI SLABÉ,,,
TU,579025,Trutnov,30 372,"43,1",-2%,297,4,31999,-5%,359,4,"2,4",283,4,3778,124,246,3,13 288 Kč,17 133 Kč,520 378 228 Kč,85,1,582,"0,01916238641",345,4,"1,1",17,1,233,"3,00",PRŮMĚRNÉ,,,
HK,571041,Třebechovice pod Orebem,5 748,"42,2",0%,226,3,5253,9%,224,3,"3,1",357,4,690,120,272,4,11 275 Kč,14 534 Kč,83 539 548 Kč,316,4,213,"0,03705636743",180,3,1,1,1,225,"3,14",PRŮMĚRNÉ,,,
RK,576832,Třebešov,280,"37,3",11%,2,1,252,11%,204,3,"0,6",45,1,29,104,367,5,12 214 Kč,15 409 Kč,4 314 471 Kč,210,3,9,"0,03214285714",213,3,"3,6",378,5,203,"3,00",SILNÉ,,,
TU,579769,Třebihošť,448,"41,4",2%,164,2,365,23%,111,2,"1,8",197,3,67,150,103,2,12 750 Kč,14 802 Kč,6 631 090 Kč,281,4,12,"0,02678571429",268,3,"2,4",207,3,190,"2,71",SILNÉ,,,
JC,573612,Třebnouševes,283,"42,3",-1%,241,3,305,-7%,383,5,"1,1",98,2,44,155,82,1,11 448 Kč,16 896 Kč,4 781 678 Kč,99,2,1,"0,003533568905",438,5,"3,033333333",284,4,232,"3,14",PRŮMĚRNÉ,,,
HK,571059,Třesovice,259,"41,0",2%,140,2,254,2%,288,4,"2,3",268,3,40,154,87,1,13 417 Kč,16 747 Kč,4 337 370 Kč,110,2,13,"0,05019305019",107,2,"2,666666667",234,3,176,"2,43",SILNÉ,,,
JC,573639,Třtěnice,342,"42,1",0%,225,3,332,3%,275,4,"1,8",201,3,33,96,395,5,10 874 Kč,14 434 Kč,4 936 468 Kč,320,4,3,"0,008771929825",418,5,"2,533333333",217,3,293,"3,86",VELMI SLABÉ,,,
JC,573647,Tuř,177,"39,8",6%,57,1,122,45%,33,1,"4,4",417,5,17,96,397,5,13 492 Kč,17 763 Kč,3 144 134 Kč,65,1,14,"0,0790960452",39,1,"3,2",314,4,189,"2,57",SILNÉ,,,
RK,576841,Tutleky,349,"41,8",1%,198,3,335,4%,266,3,"0,0",1,1,45,129,219,3,9 887 Kč,13 517 Kč,4 717 543 Kč,393,5,13,"0,03724928367",178,2,"3,466666667",362,4,231,"3,00",PRŮMĚRNÉ,,,
RK,576859,Týniště nad Orlicí,6 058,"43,2",-3%,304,4,6482,-7%,375,5,"1,2",113,2,687,113,314,4,11 232 Kč,16 128 Kč,97 704 794 Kč,149,2,138,"0,02277979531",315,4,"1,066666667",13,1,226,"3,14",PRŮMĚRNÉ,,,
JC,573655,Úbislavice,443,"41,7",1%,190,3,354,25%,94,2,"1,1",99,2,50,113,317,4,12 131 Kč,14 037 Kč,6 218 369 Kč,348,4,19,"0,04288939052",141,2,"3,2",314,4,215,"3,00",PRŮMĚRNÉ,,,
JC,573663,Údrnice,288,"43,4",-3%,319,4,287,0%,301,4,"4,6",423,5,38,132,198,3,14 131 Kč,16 920 Kč,4 872 925 Kč,97,2,4,"0,01388888889",388,5,"3,4",349,4,296,"3,86",VELMI SLABÉ,,,
JC,573671,Úhlejov,153,"40,4",4%,96,2,104,47%,26,1,"2,1",238,3,24,157,74,1,12 271 Kč,14 126 Kč,2 161 303 Kč,342,4,13,"0,08496732026",29,1,"4,6",442,5,178,"2,43",SILNÉ,,,
JC,573680,Újezd pod Troskami,342,"44,8",-6%,400,5,292,17%,155,2,"4,1",405,5,48,140,150,2,13 671 Kč,15 637 Kč,5 347 870 Kč,189,3,5,"0,01461988304",385,5,"3,3",339,4,289,"3,71",VELMI SLABÉ,,,
JC,573698,Úlibice,299,"39,5",6%,42,1,230,30%,69,1,"1,0",87,1,30,100,383,5,13 127 Kč,15 571 Kč,4 655 783 Kč,194,3,12,"0,04013377926",160,2,"1,933333333",136,2,153,"2,14",VELMI SILNÉ,,,
TU,579777,Úpice,5 661,"43,5",-3%,330,4,6141,-8%,387,5,"3,7",388,5,559,99,387,5,13 531 Kč,14 991 Kč,84 865 030 Kč,255,3,116,"0,02049107931",334,4,"1,233333333",38,1,303,"3,86",VELMI SLABÉ,,,
HK,513717,Urbanice,334,"43,1",-2%,296,4,271,23%,108,2,"1,4",141,2,52,156,80,1,11 330 Kč,12 657 Kč,4 227 309 Kč,433,5,16,"0,04790419162",117,2,"2,866666667",259,3,205,"2,71",SILNÉ,,,
RK,576875,Val,302,"42,9",-2%,287,4,273,11%,211,3,"1,0",87,1,38,126,232,3,12 377 Kč,14 827 Kč,4 477 847 Kč,278,4,8,"0,02649006623",271,4,"3,733333333",390,5,251,"3,43",SLABÉ,,,
JC,573701,Valdice,1 375,"42,6",-1%,270,4,1582,-13%,416,5,"1,1",91,2,110,80,428,5,11 495 Kč,13 922 Kč,19 142 255 Kč,362,5,17,"0,01236363636",400,5,"1,533333333",78,1,292,"3,86",VELMI SLABÉ,,,
RK,576883,Vamberk,4 532,"43,3",-3%,316,4,4995,-9%,400,5,"1,5",160,2,474,105,362,5,12 150 Kč,15 475 Kč,70 133 400 Kč,202,3,95,"0,02096204766",328,4,"1,2",27,1,256,"3,43",SLABÉ,,,
NA,574554,Velichovky,736,"42,2",0%,229,3,690,7%,240,3,"3,3",369,5,109,148,109,2,13 730 Kč,17 058 Kč,12 554 549 Kč,89,1,13,"0,01766304348",356,4,"1,4",58,1,207,"2,71",PRŮMĚRNÉ,,,
JC,573728,Veliš,197,"39,7",6%,51,1,136,45%,34,1,"0,8",59,1,29,147,115,2,15 131 Kč,18 217 Kč,3 588 746 Kč,56,1,7,"0,03553299492",188,3,"2,866666667",259,3,109,"1,71",VELMI SILNÉ,,,
NA,574562,Velká Jesenice,738,"42,5",-1%,257,3,736,0%,302,4,"2,1",235,3,75,102,381,5,11 348 Kč,14 842 Kč,10 953 479 Kč,275,4,22,"0,0298102981",241,3,"1,666666667",94,2,255,"3,43",SLABÉ,,,
NA,574571,Velké Petrovice,421,"41,1",2%,141,2,362,16%,161,2,"2,6",303,4,55,131,209,3,10 104 Kč,13 199 Kč,5 556 739 Kč,409,5,29,"0,06888361045",59,1,"3,133333333",297,4,226,"3,00",PRŮMĚRNÉ,,,
NA,547646,Velké Poříčí,2 356,"43,7",-4%,347,4,2361,0%,307,4,"1,7",174,2,290,123,252,3,11 938 Kč,14 718 Kč,34 675 908 Kč,292,4,82,"0,03480475382",194,3,"1,2",27,1,228,"3,00",PRŮMĚRNÉ,,,
TU,579785,Velké Svatoňovice,1 267,"43,2",-3%,302,4,1115,14%,179,2,"2,8",322,4,170,134,182,3,11 029 Kč,12 932 Kč,16 385 060 Kč,425,5,32,"0,02525651144",288,4,"1,466666667",68,1,252,"3,29",SLABÉ,,,
NA,574589,Velký Třebešov,326,"43,3",-3%,314,4,339,-4%,348,4,"3,0",341,4,51,156,76,1,12 348 Kč,15 217 Kč,4 960 593 Kč,228,3,11,"0,03374233129",201,3,"2,7",242,3,250,"3,14",SLABÉ,,,
TU,579793,Velký Vřešťov,230,"42,4",-1%,244,3,195,18%,146,2,"2,0",228,3,39,170,46,1,13 868 Kč,16 265 Kč,3 740 966 Kč,140,2,4,"0,01739130435",359,4,"2,866666667",259,3,203,"2,57",SILNÉ,,,
NA,547743,Vernéřovice,315,"42,6",-1%,266,3,377,-16%,430,5,"3,3",367,5,34,108,349,4,11 867 Kč,15 771 Kč,4 967 876 Kč,175,2,0,0,444,5,"2,4",207,3,320,"3,86",VELMI SLABÉ,,,
NA,547565,Vestec,182,"38,8",8%,20,1,125,46%,32,1,"2,3",273,4,26,143,134,2,12 510 Kč,14 775 Kč,2 689 106 Kč,284,4,3,"0,01648351648",368,5,"3,6",378,5,213,"3,14",PRŮMĚRNÉ,,,
JC,573736,Vidochov,393,"41,1",2%,143,2,347,13%,182,3,"1,5",151,2,55,140,153,2,13 117 Kč,15 771 Kč,6 197 851 Kč,176,2,13,"0,03307888041",207,3,"3,733333333",390,5,200,"2,71",SILNÉ,,,
TU,574597,Vilantice,202,"40,8",3%,125,2,199,2%,291,4,"4,2",408,5,28,139,159,2,12 633 Kč,15 170 Kč,3 064 278 Kč,236,3,5,"0,02475247525",296,4,"3,966666667",415,5,276,"3,57",VELMI SLABÉ,,,
HK,571083,Vinary,423,"44,7",-6%,397,5,511,-17%,433,5,"4,3",412,5,44,104,363,5,13 788 Kč,16 295 Kč,6 892 589 Kč,138,2,6,"0,01418439716",386,5,"3,266666667",326,4,351,"4,43",VELMI SLABÉ,,,
TU,579815,Vítězná,1 444,"41,0",3%,135,2,1334,8%,230,3,"4,3",414,5,147,102,379,5,11 555 Kč,14 631 Kč,21 126 642 Kč,303,4,22,"0,01523545706",380,5,2,147,2,284,"3,71",VELMI SLABÉ,,,
JC,573752,Vitiněves,351,"40,7",3%,118,2,304,15%,168,2,"3,0",347,4,36,103,373,5,10 888 Kč,13 241 Kč,4 647 750 Kč,406,5,4,"0,0113960114",404,5,"2,766666667",248,3,295,"3,71",VELMI SLABÉ,,,
TU,579823,Vlčice,526,"40,3",4%,87,1,397,32%,62,1,"1,5",150,2,83,158,70,1,14 777 Kč,16 659 Kč,8 762 430 Kč,115,2,41,"0,07794676806",43,1,2,147,2,96,"1,43",VELMI SILNÉ,,,
TU,579831,Vlčkovice v Podkrkonoší,365,"42,6",-1%,268,3,378,-3%,342,4,"3,2",359,4,30,82,425,5,14 248 Kč,17 035 Kč,6 217 933 Kč,90,2,7,"0,01917808219",344,4,"3,733333333",390,5,317,"3,86",VELMI SLABÉ,,,
NA,574601,Vlkov,390,"39,8",5%,58,1,348,12%,195,3,"3,1",354,4,58,149,107,2,10 426 Kč,12 955 Kč,5 052 377 Kč,424,5,9,"0,02307692308",312,4,"2,866666667",259,3,244,"3,14",SLABÉ,,,
RK,576891,Voděrady,718,"41,9",0%,207,3,638,13%,191,3,"0,8",67,1,98,136,173,2,14 283 Kč,17 146 Kč,12 310 875 Kč,83,1,21,"0,02924791086",249,3,"1,733333333",105,2,154,"2,14",VELMI SILNÉ,,,
JC,573761,Volanice,224,"43,5",-3%,332,4,266,-16%,427,5,"1,3",127,2,22,98,390,5,15 726 Kč,18 809 Kč,4 213 127 Kč,43,1,1,"0,004464285714",434,5,"2,6",223,3,282,"3,57",VELMI SLABÉ,,,
JC,572128,Vrbice (JC),153,"44,8",-7%,405,5,138,11%,207,3,"4,9",426,5,4,26,448,5,16 268 Kč,17 351 Kč,2 654 772 Kč,77,1,2,"0,01307189542",395,5,"3,5",365,5,332,"4,14",VELMI SLABÉ,,,
RK,548707,Vrbice (RK),149,"41,6",1%,179,2,123,21%,123,2,"2,1",240,3,21,141,145,2,12 001 Kč,13 914 Kč,2 073 159 Kč,364,5,9,"0,06040268456",74,1,"3,466666667",362,5,212,"2,86",PRŮMĚRNÉ,,,
TU,579858,Vrchlabí,12 461,"43,5",-3%,333,4,13416,-7%,379,5,"1,3",124,2,1828,147,119,2,12 814 Kč,16 765 Kč,208 904 363 Kč,109,2,469,"0,03763742878",174,2,1,1,1,177,"2,57",SILNÉ,,,
HK,548057,Vrchovnice,61,"44,3",-5%,376,5,65,-6%,370,5,"0,0",1,1,9,148,114,2,14 446 Kč,15 615 Kč,952 508 Kč,190,3,1,"0,01639344262",369,5,"3,6",378,5,257,"3,71",SLABÉ,,,
JC,573795,Vršce,224,"39,7",6%,53,1,234,-4%,351,4,"2,6",313,4,22,98,390,5,14 624 Kč,16 243 Kč,3 638 443 Kč,142,2,2,"0,008928571429",417,5,"2,733333333",243,3,273,"3,43",VELMI SLABÉ,,,
NA,574627,Vršovka,144,"39,6",6%,44,1,109,32%,64,1,"0,0",1,1,22,153,91,2,11 413 Kč,12 918 Kč,1 860 252 Kč,426,5,8,"0,05555555556",85,1,"3,533333333",368,5,154,"2,29",VELMI SILNÉ,,,
JC,549029,Vřesník,88,"39,7",6%,49,1,107,-18%,436,5,"1,7",181,3,13,148,112,2,13 028 Kč,14 828 Kč,1 304 876 Kč,277,4,7,"0,07954545455",38,1,"3,933333333",409,5,215,"3,00",PRŮMĚRNÉ,,,
HK,571091,Všestary,1 764,"40,9",3%,130,2,1394,27%,84,1,"1,7",175,2,243,138,168,2,12 863 Kč,15 673 Kč,27 647 746 Kč,187,3,95,"0,05385487528",96,2,"1,333333333",53,1,128,"1,86",VELMI SILNÉ,,,
HK,571105,Výrava,402,"40,3",4%,85,1,317,27%,78,1,"2,2",250,3,66,164,51,1,12 958 Kč,14 915 Kč,5 995 752 Kč,264,3,24,"0,05970149254",77,1,"3,4",349,4,165,"2,00",VELMI SILNÉ,,,
HK,571113,Vysoká nad Labem,1 660,"37,4",11%,3,1,617,169%,2,1,"1,5",147,2,264,159,63,1,11 628 Kč,12 700 Kč,21 081 354 Kč,431,5,271,"0,163253012",4,1,"1,666666667",94,2,106,"1,86",VELMI SILNÉ,,,
NA,574635,Vysoká Srbská,279,"41,6",1%,177,2,257,9%,228,3,"5,1",431,5,31,111,327,4,12 128 Kč,14 022 Kč,3 912 132 Kč,350,4,17,"0,06093189964",71,1,"3,6",378,5,280,"3,43",VELMI SLABÉ,,,
JC,573809,Vysoké Veselí,865,"42,1",0%,223,3,847,2%,286,4,"4,0",400,5,78,90,413,5,12 689 Kč,16 057 Kč,13 889 366 Kč,153,2,11,"0,01271676301",398,5,"1,4",58,1,276,"3,57",VELMI SLABÉ,,,
NA,574643,Vysokov,516,"41,1",2%,142,2,366,41%,38,1,"2,4",285,4,73,141,140,2,12 153 Kč,13 618 Kč,7 026 724 Kč,386,5,33,"0,06395348837",68,1,"2,933333333",270,4,190,"2,71",SILNÉ,,,
HK,548677,Vysoký Újezd,84,"41,3",2%,155,2,71,18%,142,2,"1,8",199,3,17,202,15,1,11 352 Kč,13 171 Kč,1 106 384 Kč,411,5,8,"0,09523809524",16,1,"3,866666667",402,5,191,"2,71",SILNÉ,,,
NA,574651,Zábrodí,577,"37,5",11%,4,1,424,36%,48,1,"0,8",65,1,99,172,43,1,11 931 Kč,13 297 Kč,7 672 374 Kč,403,5,46,"0,07972270364",37,1,"3,4",349,4,136,"2,00",VELMI SILNÉ,,,
TU,548839,Zábřezí-Řečice,144,"43,4",-3%,325,4,133,8%,229,3,"0,0",1,1,25,174,42,1,12 093 Kč,13 530 Kč,1 948 366 Kč,392,5,3,"0,02083333333",330,4,"3,133333333",297,4,231,"3,14",PRŮMĚRNÉ,,,
HK,571130,Zachrašťany,240,"40,0",5%,70,1,204,18%,147,2,"4,2",411,5,29,121,265,3,12 871 Kč,14 877 Kč,3 570 599 Kč,268,3,4,"0,01666666667",366,5,"2,933333333",270,4,257,"3,29",SLABÉ,,,
NA,574660,Zaloňov,459,"38,7",8%,18,1,363,26%,86,1,"1,9",210,3,52,113,315,4,11 724 Kč,26 062 Kč,11 962 354 Kč,10,1,24,"0,0522875817",103,2,"3,266666667",326,4,153,"2,29",VELMI SILNÉ,,,
RK,576921,Záměl,632,"43,2",-3%,307,4,628,1%,299,4,"2,0",218,3,91,144,130,2,12 002 Kč,13 655 Kč,8 629 813 Kč,383,5,22,"0,03481012658",193,3,"1,933333333",136,2,238,"3,29",SLABÉ,,,
JC,549193,Zámostí-Blata,125,"44,8",-7%,404,5,78,60%,17,1,"0,0",1,1,20,160,59,1,13 288 Kč,15 319 Kč,1 914 895 Kč,220,3,11,"0,088",23,1,"4,066666667",420,5,163,"2,43",VELMI SILNÉ,,,
HK,573744,Zdechovice,163,"46,2",-10%,427,5,155,5%,252,3,"1,8",185,3,26,160,62,1,6 989 Kč,15 476 Kč,2 522 524 Kč,200,3,5,"0,03067484663",231,3,"3,066666667",287,4,235,"3,14",PRŮMĚRNÉ,,,
RK,576930,Zdelov,252,"40,2",4%,84,1,202,25%,96,2,"1,9",206,3,37,147,118,2,12 303 Kč,12 105 Kč,3 050 547 Kč,445,5,16,"0,06349206349",69,1,"2,866666667",259,3,182,"2,43",SILNÉ,,,
TU,548847,Zdobín,123,"42,2",0%,228,3,111,11%,209,3,"1,2",114,2,18,146,120,2,10 963 Kč,13 094 Kč,1 610 525 Kč,415,5,2,"0,0162601626",372,5,"3,566666667",376,5,262,"3,57",SLABÉ,,,
RK,576948,Zdobnice,192,"38,3",9%,14,1,184,4%,264,3,"2,4",278,4,26,135,176,2,18 721 Kč,26 225 Kč,5 035 187 Kč,9,1,6,"0,03125",225,3,"4,4",437,5,200,"2,71",SILNÉ,,,
JC,573183,Zelenecká Lhota,146,"43,6",-4%,338,4,171,-15%,421,5,"3,7",389,5,18,123,251,3,13 629 Kč,16 921 Kč,2 470 504 Kč,96,2,4,"0,02739726027",263,3,"3,133333333",297,4,294,"3,71",VELMI SLABÉ,,,
TU,579866,Zlatá Olešnice,200,"40,4",4%,93,2,174,15%,171,2,"2,2",250,3,31,155,84,1,15 149 Kč,17 657 Kč,3 531 473 Kč,69,1,2,"0,01",412,5,"3,8",394,5,210,"2,71",PRŮMĚRNÉ,,,
TU,579874,Žacléř,3 134,"44,4",-6%,386,5,3700,-15%,424,5,"3,0",348,4,274,87,419,5,12 245 Kč,15 432 Kč,48 362 392 Kč,208,3,91,"0,02903637524",250,3,1,1,1,291,"3,71",VELMI SLABÉ,,,
NA,574686,Žďár nad Metují,665,"40,4",4%,95,2,454,46%,27,1,"2,1",237,3,68,102,375,5,10 362 Kč,14 593 Kč,9 704 198 Kč,308,4,63,"0,09473684211",17,1,"1,766666667",113,2,167,"2,57",VELMI SILNÉ,,,
RK,576956,Žďár nad Orlicí,516,"38,5",9%,15,1,427,21%,126,2,"0,3",37,1,53,103,371,5,12 273 Kč,15 071 Kč,7 776 730 Kč,245,3,26,"0,0503875969",106,2,"1,533333333",78,1,140,"2,14",VELMI SILNÉ,,,
NA,574694,Žďárky,552,"43,7",-4%,343,4,541,2%,287,4,"1,6",168,2,79,143,133,2,11 537 Kč,14 111 Kč,7 789 100 Kč,343,4,26,"0,04710144928",119,2,"1,533333333",78,1,210,"2,71",PRŮMĚRNÉ,,,
JC,573825,Železnice,1 303,"41,8",1%,194,3,1109,17%,151,2,"1,1",101,2,148,114,313,4,12 814 Kč,15 054 Kč,19 615 709 Kč,248,3,41,"0,03146584804",223,3,"1,066666667",13,1,178,"2,57",SILNÉ,,,
JC,573833,Žeretice,260,"42,1",0%,222,3,325,-20%,439,5,"1,8",194,3,25,96,396,5,14 888 Kč,16 991 Kč,4 417 669 Kč,92,2,4,"0,01538461538",378,5,"3,6",378,5,300,"4,00",VELMI SLABÉ,,,
NA,574708,Žernov,275,"38,1",9%,10,1,216,27%,77,1,"3,5",383,5,37,135,180,3,11 887 Kč,13 370 Kč,3 676 625 Kč,397,5,18,"0,06545454545",66,1,"3,266666667",326,4,206,"2,86",SILNÉ,,,
JC,573841,Židovice,124,"45,1",-7%,410,5,126,-2%,326,4,"0,0",1,1,8,65,442,5,14 084 Kč,15 913 Kč,1 973 254 Kč,166,2,0,0,444,5,"3,533333333",368,5,308,"3,86",VELMI SLABÉ,,,
JC,573850,Žlunice,240,"46,3",-10%,428,5,291,-18%,434,5,"2,0",231,3,29,121,265,3,16 822 Kč,19 762 Kč,4 742 995 Kč,30,1,2,"0,008333333333",420,5,"2,6",223,3,290,"3,57",VELMI SLABÉ,,,
,,,, , ,,,,,,,,,,"233784,4228",,,,,,9 239 400 704 Kč,,,,,,,,,,,,,,,
,,,,, ,,,,,,,,,,,,,,,,16 766 Kč,,,,,,,,,,,,,,, 